:020000040000fa
:04005c00500300004d
:020000040000fa
:040010005003000099
:020000040000fa
:04025c00500300004b
:020000040000fa
:040210005003000097
:020000040000fa
:040274005003000033
:020000040000fa
:040334005003000072
:020000040000fa
:040270005003000037
:020000040000fa
:04022c00500300007b
:020000040000fa
:04023c00500300006b
:020000040000fa
:0402bc0050030000eb
:020000040000fa
:0402c00050030000e7
:020000040000fa
:0402c40050030000e3
:020000040000fa
:04022800500300007f
:020000040000fa
:04027800500300002f
:020000040000fa
:04029c00500300000b
:020000040000fa
:040260005003000047
:020000040000fa
:040264005003000043
:020000040000fa
:04027c00500300002b
:020000040000fa
:040280005003000027
:020000040000fa
:040284005003000023
:020000040000fa
:04028800500300001f
:020000040000fa
:0402b00050030000f7
:020000040000fa
:0402b40050030000f3
:020000040000fa
:0402b80050030000ef
:020000040000fa
:04023800500300006f
:020000040000fa
:0402c80050030000df
:020000040000fa
:0402d00050030000d7
:020000040000fa
:0402d40050030000d3
:020000040000fa
:0402d80050030000cf
:020000040000fa
:0402e00050030000c7
:020000040000fa
:0402e40050030000c3
:020000040000fa
:0402e80050030000bf
:020000040000fa
:0402f40050030000b3
:020000040000fa
:0402f80050030000af
:020000040000fa
:0402fc0050030000ab
:020000040000fa
:0403000050030000a6
:020000040000fa
:0403040050030000a2
:020000040000fa
:04030800500300009e
:020000040000fa
:04030c00500300009a
:020000040000fa
:040310005003000096
:020000040000fa
:040314005003000092
:020000040000fa
:04031800500300008e
:020000040000fa
:04031c00500300008a
:020000040000fa
:040324005003000082
:020000040000fa
:04032800500300007e
:020000040000fa
:04033800500300006e
:020000040000fa
:04033c00500300006a
:020000040000fa
:040340005003000066
:020000040000fa
:040344005003000062
:020000040000fa
:04034800500300005e
:020000040000fa
:04026c00500300003b
:020000040000fa
:0402f0002a030000dd
:020000040000fa
:04021800500300008f
:020000040000fa
:040230005003000077
:020000040000fa
:040240005003000067
:020000040000fa
:04028c00500300001b
:020000040000fa
:040290005003000017
:020000040000fa
:0402cc0050030000db
:020000040000fa
:04020c00500300009b
:020000040000fa
:0402dc0050030000cb
:020000040000fa
:040320005003000086
:020000040000fa
:04020800500300009f
:020000040000fa
:04021c00500300008b
:020000040000fa
:040220005003000087
:020000040000fa
:040224005003000083
:020000040000fa
:04026800500300003f
:020000040000fa
:0402ec000403000007
:020000040000fa
:04024c00500300005b
:020000040000fa
:040250005003000057
:020000040000fa
:0402a80050030000ff
:020000040000fa
:0402ac0050030000fb
:020000040000fa
:040214005003000093
:020000040000fa
:040234005003000073
:020000040000fa
:040244005003000063
:020000040000fa
:04024800500300005f
:020000040000fa
:04029400dc02000088
:020000040000fa
:04029800500300000f
:020000040000fa
:04032c00500300007a
:020000040000fa
:040254005003000053
:020000040000fa
:04025800500300004f
:020000040000fa
:040330005003000076
:020000040000fa
:0402a0005003000007
:020000040000fa
:0402a4005003000003
:020000040000fa
:040074005003000035
:020000040000fa
:040134005003000074
:020000040000fa
:040070005003000039
:020000040000fa
:04002c00500300007d
:020000040000fa
:04003c00500300006d
:020000040000fa
:0400bc0050030000ed
:020000040000fa
:0400c00050030000e9
:020000040000fa
:0400c40050030000e5
:020000040000fa
:040028005003000081
:020000040000fa
:040078005003000031
:020000040000fa
:04009c00500300000d
:020000040000fa
:040060005003000049
:020000040000fa
:040064005003000045
:020000040000fa
:04007c00500300002d
:020000040000fa
:040080005003000029
:020000040000fa
:040084005003000025
:020000040000fa
:040088005003000021
:020000040000fa
:0400b00050030000f9
:020000040000fa
:0400b40050030000f5
:020000040000fa
:0400b80050030000f1
:020000040000fa
:040038005003000071
:020000040000fa
:0400c80050030000e1
:020000040000fa
:0400d00050030000d9
:020000040000fa
:0400d40050030000d5
:020000040000fa
:0400d80050030000d1
:020000040000fa
:0400e00050030000c9
:020000040000fa
:0400e40050030000c5
:020000040000fa
:0400e80050030000c1
:020000040000fa
:0400f40050030000b5
:020000040000fa
:0400f80050030000b1
:020000040000fa
:0400fc0050030000ad
:020000040000fa
:0401000050030000a8
:020000040000fa
:0401040050030000a4
:020000040000fa
:0401080050030000a0
:020000040000fa
:04010c00500300009c
:020000040000fa
:040110005003000098
:020000040000fa
:040114005003000094
:020000040000fa
:040118005003000090
:020000040000fa
:04011c00500300008c
:020000040000fa
:040124005003000084
:020000040000fa
:040128005003000080
:020000040000fa
:040138005003000070
:020000040000fa
:04013c00500300006c
:020000040000fa
:040140005003000068
:020000040000fa
:040144005003000064
:020000040000fa
:040148005003000060
:020000040000fa
:04006c00500300003d
:020000040000fa
:040018005003000091
:020000040000fa
:040030005003000079
:020000040000fa
:040040005003000069
:020000040000fa
:04008c00500300001d
:020000040000fa
:040090005003000019
:020000040000fa
:0400cc0050030000dd
:020000040000fa
:04000c00500300009d
:020000040000fa
:0400dc0050030000cd
:020000040000fa
:040120005003000088
:020000040000fa
:0400080050030000a1
:020000040000fa
:04001c00500300008d
:020000040000fa
:040020005003000089
:020000040000fa
:040024005003000085
:020000040000fa
:040068005003000041
:020000040000fa
:04004c00500300005d
:020000040000fa
:040050005003000059
:020000040000fa
:0400a8005003000001
:020000040000fa
:0400ac0050030000fd
:020000040000fa
:040014005003000095
:020000040000fa
:040034005003000075
:020000040000fa
:040044005003000065
:020000040000fa
:040048005003000061
:020000040000fa
:040098005003000011
:020000040000fa
:04012c00500300007c
:020000040000fa
:040054005003000055
:020000040000fa
:040058005003000051
:020000040000fa
:040130005003000078
:020000040000fa
:0400a0005003000009
:020000040000fa
:0400a4005003000005
:020000040000fa
:080000000002040000000000f2
:020000040000fa
:100400004fd220000e7f22000e0188000000000065
:10041000000020000000e000020032000001200087
:1004200020028800140007009f0007000000e00081
:1004300003003a00a04f2500010020000200370011
:100440000000200001002000810f70000100320038
:1004500014000700000020000000e000020032004d
:100460000000020000000000a2570200000000008f
:100470000040da000000fe004440a90060062000b1
:100480000000e0000300320000002000a00188000e
:100490004440a800000006008a1f78008b1f7800e7
:1004a0000000060091018800800478000000eb0045
:1004b0001a003700e284440032a0b4009905ba0063
:1004c000e284440032a0b4009906ba00e2844400f9
:1004d00032a0b4000006eb00476fde00fd07b2005b
:1004e000636ce10003003a00ebff07000000eb0043
:1004f0000a003700606ce10004003a00005deb0088
:100500008b05e900fdff3e00040037006168e10053
:10051000010032000086eb000b00070019c7ba008b
:100520001905ba000e04e00003003a000a00e000da
:10053000e0ff3a0000000600fe07b2009e018800be
:100540008a047800f5ff3700395dba008b05e900b1
:100550000c003200295dba008b05e900080032006a
:100560000c00e00003003a00e284440032a0b40032
:10057000f5ff370019ddba008b05e900faff3a00f4
:100580008904e800e184440032a0b40000000600c1
:10059000000000000000000000000000000000005b
:1005a000000000000000000000000000000000004b
:1005b00000000000000000003600f800809fbe0030
:1005c000829fbe00849fbe00869fbe003400f8005c
:1005d00000002000a00188000000fa008760a90048
:1005e00070418000000001000080fa003400f90032
:1005f0004f03be004f02be004f01be004f00be00c1
:100600003600f900004006003600f800809fbe006a
:10061000829fbe00849fbe00869fbe003400f8000b
:1006200000002000a00188000000fa008a20a90034
:100630007a2507000080fa003400f9004f03be005d
:100640004f02be004f01be004f00be003600f90051
:10065000004006003600f800809fbe00829fbe006a
:10066000849fbe00869fbe003400f800000020007a
:10067000a00188000000fa008a40a9008725070031
:100680000080fa003400f9004f03be004f02be00a4
:100690004f01be004f00be003600f90000400600ca
:1006a0000040da000000fe00000005000001be006e
:1006b0001b0007000470a70003f0a10003f8a300cb
:1006c00013003a006509b10010003200090035003e
:1006d0006928e10002003500010028000000050043
:1006e00000004000818048008502e900fcff3a00dc
:1006f00000000600f88f4200050035008100d1009f
:100700000080d3008502e800fcff3a0000000600ec
:100710008000eb00000005006011b800b502370052
:10072000c70ade00f107b200f50fb2000800320080
:10073000e1cf4200020032000170a0002400050059
:10074000810f70000100320004080500440005001c
:10075000810f700002003a00140005008502e900d4
:100760000000400081c04800fcff3b000170a00079
:100770002400050007f82700078361000638e10020
:1007800004003a00f70720008783610087037100a7
:1007900001003a0003f0a200889fbe008a9fbe00bd
:1007a0008c9fbe00470ade000480a100c71ade004d
:1007b0000580a1000700280007856000878561008b
:1007c000f70f20000720e1009e0032000728e1001b
:1007d0009c003200010678000400e000b400320002
:1007e000f7072000878060000170a0000500e0008e
:1007f000c0003200f7072000878161000370a0006d
:10080000050652000f003a000b50e1000b003200c9
:100810000308e10002003a000200e1007e0032001d
:100820000204500083845800040031000001fd00e0
:100830008101fd008402fd008a05fd006044b800ce
:10084000210037000520e10005003d000001fd000a
:100850008101fd008402fd008a05fd0005065200ad
:100860007a60e100050035000170a1004722dd003b
:10087000848070008a807000630037006044b80094
:10088000ef02660007ff2f00070666000500e00084
:1008900006003400f08312008714dd000511de002d
:1008a000071bdd00060171008519de007060e100a4
:1008b00005003500090478008204780003017800ff
:1008c0008001eb00700656000b50e10003003a0077
:1008d00002004000838048000400370060041400d8
:1008e000e0841c0002005800838058000188a300a7
:1008f000060032008100d1000080d3008984d3003b
:100900000884d3000402e800270037000178a30020
:1009100025003a000100e000030032008186cf008c
:10092000698656000a0037008c0020000000e000b5
:1009300004003a0009007800880478000004eb0005
:10094000700252008086cf000d0646000c06e900ba
:100950007060e10006003500800078000900780032
:10096000880478000004eb00700656007002520004
:100970000c00e0000c0034008c08dd00f0031600d1
:100980000703de00868070000c00dd00074bde00f0
:10099000060070008c4cdd000743de008684740086
:1009a0000c44dd000c0252006120e1002000350003
:1009b000610160000700280087816400f7ff2700bd
:1009c00087836400070374000300e0000600320020
:1009d00082037300040032000000e800e080480059
:1009e0000188a3000e003a00f70f20000720e10065
:1009f0004a003d000170a1004722dd008100720025
:100a00008a8070000000be004f06be004f05be0089
:100a10004f04be00000006006000b800faff370077
:100a20008100d1000080d3000402e800eeff37000f
:100a300004017800890174001b0107008a8070009e
:100a4000f1ff370042010700070278000001fd00b6
:100a50008101fd003e0107008702780085037200d6
:100a60000778a300040032000001fd008101fd00b1
:100a700051010700e4ff3700850362000768a30007
:100a8000080032000b50e10003003200f0ff2f009d
:100a9000f1ff2700dcff37000001fd008101fd00b0
:100aa000d9ff37000468a300d7ff3200faff3700f0
:100ab000f8ff2700888360000b003a000000e00088
:100ac00009003a008303640082837300020032004d
:100ad0000200be00ccff37000b50e100ceff3a0011
:100ae0000200be00c8ff370014002000810064002f
:100af0003eff3700f8ff27008883610004003a00ba
:100b00000200e00002003a008c007800beff3700cf
:100b1000150020008301640039ff370001f8270029
:100b20000000200081007500b7ff3700889fbe00dd
:100b30008a9fbe008c9fbe001b0020000202be00e8
:100b40000586680006002800060666004709de00e4
:100b5000f20fb200820032000243e800800032004f
:100b6000c729de00f30fb2007d0032000343e80026
:100b70007b003200f107b2000170a000f507b2005f
:100b80000570a000c708dd004903de008680700004
:100b90004700dd00c72add004923de00868272009f
:100ba0004722dd00030551000403500085835800ef
:100bb0000300310000004000818048000a05e90080
:100bc0008c1f78008a9fbe0004005000858058006a
:100bd0000402420085824a000000400081804800f3
:100be0000005eb000004be006033b8000406be0040
:100bf0000d48e10056003100110009004dccd8002d
:100c00000c01b8000d02b8008481410060824a00e6
:100c10008283530003045c0084845c0060055d00f3
:100c20000a00e00025003a00800578000d40e10050
:100c300049003100880078000700780011000900a1
:100c40004d88d8000c01b8000d02b8008481410025
:100c500060824a006003110083835b0004045c002f
:100c6000e0845c000900e00021003a004f01be0072
:100c70000300e0002b003200e30160000706730070
:100c80008c81710001003200640070004200de00bf
:100c90004e5edd000c007000c258de0001e0a000d6
:100ca000ce000700cf017800818071004f06be00a2
:100cb0004f05be004f04be00000006008c834300b9
:100cc0000d044c00e0844c0060054d000000e9007c
:100cd0000a00e000d4ff32008c8343000d044c0076
:100ce000e0844c0060054d000000e900ceff3700b5
:100cf0000c0343008d834b0060044c00e0844c00e7
:100d00000000e9000900e000d8ff32000c034300b6
:100d10008d834b0060044c00e0844c000000e9002f
:100d2000d2ff37004200de004e5edd000c00700096
:100d3000c258de0001e0a000cf0178000300e0000f
:100d4000daff320060001000e0801800d7ff3700a3
:100d5000f0ff2f00aaff3700f0ff2f00b9ff370088
:100d60000404be007a000700870678000004fd0036
:100d70008104fd0076000700078366000678a30063
:100d8000030032000960a7000800be002c003700f5
:100d90000d78a300020032000800be0028003700d2
:100da0000778a30026003a0001f0a10009f0a10095
:100db0000668a30003003200f1ff2700f0ff2f00b8
:100dc000baff37000d68a300030032000800be0020
:100dd0008c807000b5ff37000768a30007003a0059
:100de0000648a30003003200f1ff2700f0ff2f00a8
:100df000aeff37000d48a300030032006000b800ca
:100e00008c807000a9ff37000748a300040032005f
:100e100001f82700000020008c807000a3ff37003d
:100e2000c10007000004fd008104fd0002057800f8
:100e3000bd0007000802be008a01780059ff370094
:100e40000160a000120220009241880097ff370045
:100e50000100e000120032000500e0001000320046
:100e6000889fbe008a9fbe008c9fbe000006eb00dc
:100e700001f8a3000300320060001000e0801800b9
:100e80000cf0a00005f8a30003003200600212007d
:100e9000e0821a000cf0a2008005eb0041ff370051
:100ea0006000b800020005000100e00026003200ea
:100eb000610111007810e10023003c006022b800bd
:100ec0007010e10004003500800278000100780015
:100ed0008000eb00700151000200e00009003400c6
:100ee00070031100062add00822ade008603dd0081
:100ef000878272000200de00860bdd0007007000b2
:100f00008208de0084817100f4ff27000482620001
:100f10008481710004002800848262006102600004
:100f200005f0a600000006000482710007003200f0
:100f30000000e800e0804800000006000002be005b
:100f40006000b800efff37006000b8000000060046
:100f50002700200001f0a70017002000470bde004b
:100f6000f60fb200040032000643e8000a00320027
:100f70004702b3000000060001037800f607b20044
:100f80000603700002003a000703b30000000600e9
:100f90008702b3000000060001037800f607b200e4
:100fa00006037000020032000770a0000000060077
:100fb0000760a000000006000478a30004003200cf
:100fc0000578a300030032000168a30001003a0085
:100fd0000200be000160a000000006008101700058
:100fe000270032008002eb0001f8a300030032006a
:100ff00060001000e080180015002000f4072000b9
:101000000202420020003400f70320008703600042
:1010100006042000000363000208200000016100b4
:101020004700de00c909dd0000807100c708de004e
:101030000600e0000800320087037100060032005d
:101040001000b0000180b0000188a300020032004f
:10105000c108de000402e800f107b200f30f20002f
:101060000320e10003003d004722dd008100720003
:101070002900370001f827000000eb0026003700a8
:101080006000b80000000600680212007f20e10046
:10109000020034006000b8001f0037006011b80083
:1010a0007020e10004003500800178000100780024
:1010b0008000eb00700252000400e00009003400e0
:1010c000f00312000719dd008419de000703dd00bc
:1010d000868171000400de00070bdd000600700051
:1010e0008408de00f7ff2700838363008703710015
:1010f0000600280003036300070032000700e00039
:1011000003003a00610160000281730002003200b6
:101110001000b0000180b0000500a600000006002d
:1011200001f0a000000006004f0ade004709de00c3
:10113000f107b200f20fb2000b003200f207b1006b
:101140000170a000c708dd00c901de0083807000c7
:101150004700dd000400a60000000600600010004b
:10116000e080180000000600810f700001003a00c6
:10117000000006008182cf000500e00010003e0064
:101180008082cf00ee8242007028e1000400390026
:1011900007003e00800078000000eb000e003700e2
:1011a000708312008600de000500dd000a003700b3
:1011b000708352008600dd000000eb00060037005f
:1011c000e28252008508dd00708312000603de0013
:1011d000868070000500dd007507b0000501ea009b
:1011e0000400a6000000060060001000e080180067
:1011f00000000600889fbe008a9fbe00008270002b
:101200000402710004827100260032000004be0056
:101210000200be006011b8006b092000950220009a
:101220000182cf000a0039000541b1000082cf00e1
:10123000070039000541b1000982cf0004003900e0
:101240000541b1000882cf00010039000541b1001d
:1012500005425200120032000a003b0082817100f8
:10126000610164008100d1000080d3008984d30033
:101270000884d3008b05e8000442e800f7ff3a0039
:10128000070037000804440089844c00000048002f
:10129000818048008b05e9000442e900f9ff3a002b
:1012a000030007004f05be004f04be00000006000b
:1012b00081002000618055000b003d000b002000e4
:1012c00061fe2f000100e1001d00340082817100e9
:1012d000610164008904d1000884d3000000e800a3
:1012e000faff3a0071002000610064000300700002
:1012f000020060000900320061044400e0844c00f8
:101300000988a500050032008b05e8006808e100a7
:1013100002003a008904d1000884d300f20f2000b3
:101320000258e10005003d00c75ddd00f907b2008d
:101330008980750008007800000006000bf827007f
:101340008b007800000005008000eb0039013700b9
:10135000800078001000200002022000828f5000e0
:1013600004003200e9805000e48f50000100360094
:101370000000eb0000000600889fbe008a1f780076
:10138000000578000a047800984478000805e80011
:101390000900fb00eeff07000000e000f9ff3a0043
:1013a000b0c2b30080cf540005003200d0c2b300f9
:1013b0008000eb0080cf540005003a0002003700a7
:1013c0008000eb0001003700110020000804e80055
:1013d0000000eb00030037006a02b900020052006f
:1013e0000003b0003801fb0003fd2f0082814100a3
:1013f000e98f5100f8ff36000100e00001003a00db
:101400000000ea004f0578004f04be00000006000f
:10141000800078001000200002022000828f50001f
:1014200004003200e9805000e48f500001003600d3
:101430000000eb0000000600889fbe008a9fbe00ef
:10144000000578008a047800194478000905e8004e
:101450000800fb00eeff07000000e000f9ff3a0083
:10146000b0c2b300804f540004003200d0c2b300b9
:10147000804f540006003a00020037000004eb00e1
:1014800001003700180020008904e800010037003f
:101490000004eb006000b80006003700a200200046
:1014a000030020000c160700cfd5de000a00500014
:1014b0008b8058003905fb000a03b100e90f550085
:1014c000f6ff36000800e00002003a00600010005d
:1014d000e08018004f05be004f04be00000006006b
:1014e000800078001000200002022000828f50004f
:1014f00004003200e9805000e48f50000100360003
:101500000000eb0000000600889fbe008a1f7800e4
:1015100080047800090578001a4478008a04e800fd
:101520000800fb00eeff07000000e000f9ff3a00b2
:10153000b0c2b300804f540004003200d0c2b300e8
:10154000804f540006003a00020037000004eb0010
:1015500001003700180020000a05e80001003700ec
:101560000004eb006000b8006011b800090037000b
:10157000a4002000050020006033b800b419070063
:101580004fcade0009005000848058000401590051
:1015900084815900ba04fb000903b100e98f5400ab
:1015a000f3ff36000800e00006003a006022b800b1
:1015b0006033b8000000520081805a0002015b00d5
:1015c00083815b004f0578004f04be0000000600d9
:1015d000889fbe008a9fbe00800478000200e00061
:1015e0005b00320001407800814c78008281440029
:1015f000f1f99f00e20f5100550036009144980028
:10160000a1449800e1f99f00d1f99f00e60f510035
:101610004f003600b1449800c1f99f00e80f510017
:101620004b0036000905ea00630565000a844400a2
:101630000a055100c1ff2f00010565000080fb0075
:101640008000eb001210200013102000a2150700ec
:10165000008cbe000a01440060b99f0071b99f0070
:10166000e80f55003a003600200498003104980035
:10167000400498005104980020b99f0031b99f00a0
:1016800040b99f0051b99f00f80f55003000360057
:101690006004980071049800000c9800110c9800e8
:1016a000200c9800310c9800400c9800510c9800c8
:1016b00020b19f0031b19f0040b19f0051b19f0008
:1016c00060b19f0071b19f0000b99f0011b99f00e8
:1016d00064016400780141000204440002055500e1
:1016e0006011b8000203be000002be000403be0089
:1016f0006022b80000007200818072000201730055
:101700008381730010003700009cbe000294be006d
:1017100040049800510498006204980073049800f3
:10172000000c9800110c9800220c9800330c9800c3
:10173000400c9800510c9800620c9800730c9800b3
:101740000a02b1000802b000ff0f5500eeff3e0094
:10175000090078004f05be004f04be0000000600df
:101760000000fa00e88157004fb9970036000700e3
:101770000080fa00000006003c00fa00889fbe00ce
:101780008a9fbe000004be00020578000f007800aa
:101790004004b1001d0009000018eb0088a79f005d
:1017a000d8af9f000080eb00e0af9f006022b80040
:1017b0006033b800c0fb2f000f0040003d09070058
:1017c000120020008a007800c0fb2f000f004000ac
:1017d000220807006fb29700ffb297000fbb970077
:1017e0009fbb9700dfad97000fa597000900e000b1
:1017f000090032000a855500cfd5de0004024500fd
:1018000085824d0006834d0087834d000100320024
:1018100004044400880c78004f05be004f04be004d
:101820000080fa00000006000001eb00d2ff070074
:10183000eb14370012002000cfff0700e814370038
:1018400022002000ccff37000f04b0008e1f78006c
:1018500002027800030178000000e000020032007c
:1018600000077800020037000efc2f000f0747002a
:101870008002eb000100e000010032008102e9007b
:101880000f007800e003b1001d0009000018eb0014
:101890000080eb0090a79f0023102000a3a79f00cb
:1018a000bea79f00c1a79f00d5a79f000100e00031
:1018b00003003d00b10420000169880007003700e3
:1018c000004feb00fea79f00eea79f00840078006a
:1018d00020fc2f000f004000b30907004f077800dd
:1018e0000f04b10000000600800078001000200006
:1018f00002022000828f500004003200e980500074
:10190000e48f5000010036000000eb0000000600ec
:101910000800fa00889fbe008a9fbe00000478007d
:101920008105780078089000b8109000810f500071
:1019300003003100b084fb00700c980003003700f6
:10194000080078000009070080047800b002200039
:10195000808f5400040032000005eb00d00220000c
:10196000808f54001b003a00d982b20009f0a70012
:101970008904ea008904e9004f4dde0078089000f0
:10198000b8109000810f500003003100b084fb00bc
:10199000700c98000300370008007800ea08070080
:1019a0008004780000fd2f0009004000e90f50007e
:1019b000080036000b00e0000600320038109000ee
:1019c0000000e00003003200780890000000e90009
:1019d000700c980000fd2f00090040008005eb000e
:1019e000e90f500013003600381090000000e000ae
:1019f00072003200780890000000e900700c980036
:101a00006e0037006a59b9008205400078089000de
:101a1000b8109000810f500003003100b084fb002b
:101a2000700c98000300370008007800c608070013
:101a30008004780000fd2f0009004000e90f5000ed
:101a400003003e00b1cc2000818f5500edff340033
:101a5000615ab900612bb90084bf9f0095bf9f00f8
:101a6000a6bf9f00b7bf9f001f003700a400200043
:101a7000050020006033b8000fb897009fb89700aa
:101a80002fb99700bfb9970071180700cfcdde00be
:101a90000082440081824d0002834d0083834d000b
:101aa0000403b1000580b1000680b1000780b100d9
:101ab00084bf9f0095bf9f00a6bf9f00b7bf9f0038
:101ac00078089000b8109000810f5000030031009a
:101ad000b084fb00700c9800030037000800780009
:101ae000990807008004780000fd2f0009004000dd
:101af000e90f500017003e00d07a240011ae2700f5
:101b000042e12a00731420000fba97009fba970091
:101b10002fbb9700bfbb97000020e10001a8e100a8
:101b200002b0e10003b8e100d0ff34000900370043
:101b300078089000810f500003003100b084fb0052
:101b4000700c980003003700080078007e0807003a
:101b5000800478000903b100b8109000e98f5400a8
:101b6000f3ff36000100e000030032007808900027
:101b70000000e900700c98000a00e0001600320036
:101b80006000b8006011b8000fba97009fba9700c4
:101b90002fbb9700bfbb97000402500085825800fe
:101ba000060359008783590084bf9f0095bf9f009b
:101bb000a6bf9f00b7bf9f00070037006000b800b6
:101bc000020020000300280080bf9f0091bf9f00fb
:101bd000a2bf9f00b3bf9f000fb897009fb89700a8
:101be0002fb99700bfb997004f05be004f04be0044
:101bf0000080fa00000006000f04b000889fbe00bd
:101c00008a9fbe008c9fbe008e1f78000006780061
:101c1000b1a79f00c29f9f00a3a79f00b49f9f00f2
:101c2000fc0890003c109000808f500004003100b0
:101c30003180fb00710e98000007eb000d003700ab
:101c40000c00780040080700fbff3700fc089000fc
:101c50003c109000808f5000030031003180fb0069
:101c6000710e9800020037000c007800360807005b
:101c70001e00200001032000810f5000f3ff3200fe
:101c80006022b8006033b80094af9f00a5af9f00fa
:101c9000b6af9f00c7af9f008002eb0095a79f00e3
:101ca000e1022000810f500023003a00fc08900060
:101cb0003c109000808f5000050031003180fb0007
:101cc000710e98006044b8006055b80011003700ec
:101cd0000c0078001c080700faff3700fc08900091
:101ce0003c109000808f5000030031003180fb00d9
:101cf000710e9800020037000c00780012080700ef
:101d000061045400e0845c0060055d00e0855d00d6
:101d10001e00200001032000810f5000efff320061
:101d200098af9f00a9af9f00baaf9f00cbaf9f00b5
:101d30001500200095a79f006022b8006033b8000e
:101d4000d4af9f00e5af9f00f6af9f0087b79f001d
:101d50008002eb00a59f9f006022b80006002000d3
:101d600007ff2300d49f9f00e59f9f00f69f9f00e1
:101d700087a79f006044b8006055b8006033b80082
:101d8000f6a79f0087af9f0084003700e102200084
:101d9000810f50000e003a009fa397000700e0005b
:101da0008b003a005fa89700efa897007fa99700e3
:101db0008fb1970090af9f00a1af9f00b2af9f007f
:101dc000c3af9f001100200091a79f006a00370059
:101dd00091032000810f5000030034000050a00048
:101de0009dfa2f0080864600700020000100200030
:101df0006011b8005faa9700efaa97007fab970029
:101e00008fb397000020e10001a8e10002b0e100db
:101e100003b8e1000c003c007fa397008fab970054
:101e20004438dd00cc30de00810070004430dd003d
:101e30004feade000081460081014a00f2a79f00c0
:101e400083af9f003f003700d0002000010020003a
:101e50006011b8005faa9700efaa97007fab9700c8
:101e60008fb397000020e10001a8e10002b0e1007b
:101e700003b8e1001d003c006022b800060020000d
:101e800007fb23005f989700ef9897007f999700d2
:101e90008fa19700961407000002be000203be0047
:101ea000d49f9f00e59f9f00f69f9f0087a79f00fc
:101eb0006168b900421307005f9a9700ef9a970094
:101ec0007f9b97008fa39700891407000002be0034
:101ed0000203be000800be000a01be008a1307000c
:101ee0000004be000205be00160037000d00e00031
:101ef00014003200af9a97000500e00011003a008c
:101f00006022b8000600200007fe23005f989700bb
:101f1000ef9897007f9997008fa19700741407009e
:101f20000002be000203be000800be000a01be009f
:101f3000751307000004be000205be001600200055
:101f4000a69f9f005fa89700efa897007fa9970022
:101f50008fb1970061004000e080480060014900b7
:101f6000e0814900d0af9f00e1af9f00f2af9f003a
:101f700083b79f001e002000fc0890003c109000da
:101f8000808f5000030031003180fb00710e9800fb
:101f9000020037000c0078006b0707000dfd2f00d2
:101fa00080864600e98f560078ff36008000780072
:101fb0000150a0001106b100e58f500073ff3600fc
:101fc000e1022000810f500073ff32000100370052
:101fd000e00220000e00e0001e003a003c109000dd
:101fe0000000e00003003200fc0890008100e900de
:101ff000710e9800bf9897000100e0000e003200bb
:102000000000e00003003200fc0890008100e900bd
:10201000710e98001fa197000200e0000a00320034
:102020000000e000080032007c0890000000e90099
:10203000700e9800040037006022b8006033b800ca
:102040000c0078001b070700afa197006118b900ca
:10205000510037001fa297000400e00016003a006c
:102060005faa9700efaa97007fab97008fb3970006
:1020700094af9f00a5af9f00b6af9f00c7af9f0072
:10208000110037007fa197008fa997004418dd0049
:10209000cc10de00810070004410dd00f0a79f002e
:1020a00081af9f0061024200e0824a0060034b0062
:1020b000e0834b00050037005faa9700efaa970066
:1020c0007fab97008fb397008006780070002000e8
:1020d000010020006011b8000020e10001a8e1002b
:1020e00002b0e10003b8e100e6ff34000d00780023
:1020f0000050a00001072000810f500015003a0099
:10210000bf9897000c00780001fe07006022b8001d
:1021100006002000070028000400e1000588e10017
:102120000690e1000798e10014003a00bf9997007b
:102130000300e00007003a006022b8006033b800f6
:102140000c007800db0607006000b8006011b800e2
:102150003c0137003c1290006000b8006011b800ec
:102160000400e000050032007c0890000000e90057
:10217000700e98006000b8006011b8007fa2970050
:102180008faa9700e00f5200e08f5a0007003a0034
:10219000afa297006128b9008c1207006011b80047
:1021a000f41407003b120700260137001faa97000e
:1021b000afaa97003fab9700cfab970068025200e1
:1021c000e0825a0060035b00e0835b002c0020008b
:1021d0000402d0008582d2000683d2008783d20019
:1021e0000c06e900faff3a0004024000858248002c
:1021f0000603490087834900d4af9f00e5af9f00e5
:10220000f6af9f0087b79f00cf9a97000500ea00be
:10221000cf80de006109b9005faa9700efaa97009e
:102220007fab97008fb397000020e10001a8e10089
:1022300002b0e10003b8e1000f00340020022000ea
:1022400000698800afa297006128b9005c120700fe
:10225000f4ff2f00f5ff2f00f6ff2f00f7fe2700f9
:10226000a3130700f4ff2f00f5ff2f00f6ff2f0048
:10227000f7fe27001a0037004f9b970067f92f00e1
:1022800007004300cf80de006109b9005faa970014
:10229000efaa97007fab97008fb397000020e10073
:1022a00001a8e10002b0e10003b8e10039003d00ff
:1022b0002002200000698800afa297006128b900c1
:1022c0003f1207006022b80006002000070120002e
:1022d000871307006022b8000600200007012000d5
:1022e00083130700d70037006022b80006002000e3
:1022f00007fe23000800be000a01be00cc11070043
:102300000c0646008d864e000000e0000d003500f2
:1023100061064600e0864e006022b80006002000fc
:1023200007ff23000800be000a01be00701207006c
:102330000002be000203be000800be000a01be008b
:10234000040037000802be000a03be000800be00f9
:102350000a01be006c1207000004be000205be00a8
:102360005fa89700efa897007fa997008fb197000b
:1023700061005000e080580060015900e081590080
:10238000d0af9f00e1af9f00f2af9f0083b79f00e7
:10239000020037007fa697008fae9700e00f56002f
:1023a000e08f5e00d0ff3d00fca79f008daf9f0037
:1023b0003fa29700cfa2de00612bb90094af9f002f
:1023c000a5af9f00b6af9f00c7af9f0000022000df
:1023d000010020006011b800cf9a97004faede00d8
:1023e000050250008c8258000c0359008c83590060
:1023f000d49f9f00e59f9f00f69f9f0087a79f00a7
:102400005fa89700efa897007fa997008fb197006a
:102410000000420081804a0002014b0083814b0092
:10242000d0b79f00e1b79f00f2b79f0083bf9f0026
:102430001faa9700afaa97003fab9700cfab9700ba
:102440000020e10001a8e10002b0e10003b8e100d2
:1024500006003400dfaa97004f9b970006805200c9
:102460000002b000b0a79f000b0033006000b8006e
:102470006011b80090af9f00a1af9f00b2af9f0066
:10248000c3af9f0040032000bfa09700808f500083
:1024900038003c00020037000001eb00b2a79f00ab
:1024a00042052000bfa19700030151000000200059
:1024b00001f82300691907000006be002fa297004b
:1024c0006120b900be1107000002be000203be0079
:1024d0000c00be0094b79f00a5b79f00b2b79f0045
:1024e000c7b79f006b1107001fb29700afb29700ec
:1024f0003fb39700cfb39700201707000002be003c
:102500000203be0094af9f00a5af9f00b6af9f002f
:10251000c7af9f00bfa29700ff8f520015003c007d
:102520006022b8006033b8000800be000a01be0097
:10253000531107000000e0000e0032006000b800f8
:102540007fa3970061006300e00f5000e08f580008
:1025500008003a007fa697008fae970061064600fc
:10256000e0864e00fca79f008daf9f006044b8003e
:102570006055b800afa697006168b90090110700d8
:102580000002be000203be00b4a79f00c5a79f00c3
:10259000d6a79f00e7a79f000802be000a03be005f
:1025a000d31207000004be000205be007fa0970002
:1025b0008fa89700881107000002be000203be002a
:1025c0003fa09700cfa097005fa19700efa19700d1
:1025d000c71207000002be000203be001fa897003a
:1025e000afa897003fa99700cfa99700c611070091
:1025f0000802be000a03be00c31107001faa97000d
:10260000afaa97003fab9700cfab9700b811070078
:102610000004be000205be006022b8006033b800ae
:10262000171107000000e00002003a00200220001d
:10263000006988005faa97000800be000a01be007a
:10264000301907004f0778004f06be004f05be0047
:102650004f04be000f04b10000000600cf23b000fd
:10266000889fbe008a9fbe008c9fbe008e1f780090
:102670000004780001007800b2a79f00e39f9f004c
:1026800094af9f00850578008006eb000a003700b4
:10269000f808900038109000808f5000030031003f
:1026a0003180fb00710c98000200370008007800b0
:1026b000a50507001d00200001032000810f500028
:1026c000f3ff32000006eb006022b8006033b80070
:1026d00094b79f00a5b79f00b6b79f00c7b79f00ec
:1026e000e1022000810f50002a003a00f808900013
:1026f00038109000808f5000090031003180fb00bd
:10270000710c98006022b8006033b80094b79f0045
:10271000a5b79f00b6b79f00c7b79f001900370045
:102720000800780088050700f6ff37001fb0970003
:10273000afb097003fb19700cfb197006100500054
:10274000e080580060015900e081590090b79f0077
:10275000a1b79f00b2b79f00c3b79f00f8089000d1
:1027600038109000808f5000030031003180fb0052
:10277000710c98000200370008007800720507000d
:102780001d00200001032000810f5000e7ff3200f0
:102790001c0020006011b800c29f9d00d39f9d00c7
:1027a0008004eb006022b8006033b800d4af9f0013
:1027b000e5af9f00f6af9f0087b79f00090778003d
:1027c0000905780052003700810f50000c003a00d4
:1027d0000c00e00058003a005fa89700efa89700af
:1027e0007fa997008fb1970090b79f00a1b79f0076
:1027f000b2b79f00c3b79f001c0020003b0037000a
:10280000010320005faa9700efaa97007fab970013
:102810008fb3970061024200e0824a0060034b00e0
:10282000e0834b00d4af9f00e5af9f00f6af9f0061
:1028300087b79f00c3072000830f570023003c0089
:10284000810f500001003200dfac9700c276dd003e
:102850000a00e0001100320085db2f008f82420069
:102860008d8642006102b9000403b1000580b10009
:10287000a2002000030020001d00be00d4b79f006e
:10288000e5b79f00141107005fb29700efb2970001
:10289000801e420081964a000500370086db2f002b
:1028a0000f0343008d064300cf91de00828ebe00f1
:1028b0000a05e8001d002000e90f55000b003a0052
:1028c0000d0747000005eb0008003700810f50009e
:1028d000060032004f909700df9097000000a000a4
:1028e000c0979f00d1979f00c9452000f80890002d
:1028f00038109000808f5000030031003180fb00c1
:10290000710c980002003700080078000e050700df
:1029100002fd2f0000014100e1022000e90f5100fb
:10292000a9ff3600810f5000a9ff32000c00e00023
:10293000030032000a003700e002200008003700e0
:102940005faa9700efaa97007fab97008fb397001d
:1029500094b79f00a5b79f00b6b79f00c7b79f0069
:102960000d00e00029003200000178000250a000b4
:1029700051062000810f510024003a008b0078009e
:1029800008007800e2fb07006022b8000600200083
:10299000070028000400e1000588e1000690e1003e
:1029a0000798e1000c003a000b00e0002300320021
:1029b000381290006000b8006011b8000400e00018
:1029c00005003200780890000000e900700c9800c3
:1029d0006000b8006011b8001fb29700afb2970056
:1029e0003fb39700cfb397000002420081824a00b4
:1029f00002034b0083834b0094b79f00a5b79f0051
:102a0000b6b79f00c7b79f00130037000000e00073
:102a100006003500381090000000e000030032008e
:102a2000780890000000e900700c98000d00e000ac
:102a300009003a0060012000006988006022b800a7
:102a40006033b800080078009a0407006000b800fe
:102a50006011b800780337004f9e9500df9e950007
:102a6000e00f5600e08f5e0007003a009faa970033
:102a70006128b900551007006011b800bd120700a9
:102a8000041007006c0337001fb09700afb0970029
:102a90003fb19700cfb197005faa9700efaa9700c8
:102aa0007fab97008fb397000400e1000588e10039
:102ab0000690e1000798e10020003a009000200015
:102ac000010020006011b8001fb29700afb297005c
:102ad0003fb39700cfb397000020e10001a8e100c9
:102ae00002b0e10003b8e10014003c00bfa297006f
:102af000fe8f52000a003c000c00be000503780067
:102b00000603e900030033008100d1000080d300f8
:102b1000fbff3700e00f5000e08f580007003a003d
:102b20009fab97006138b900251007000004be0074
:102b30000205be000c00be0060003700220020002d
:102b40006f9e9700110009000206d8000000ea00fd
:102b5000cf80de006109b9001fb29700afb29700c5
:102b60003fb39700cfb397000020e10001a8e10038
:102b700002b0e10003b8e1000f00340020022000a1
:102b8000006988009faa97006128b9000c1007000f
:102b9000f4ff2f00f5ff2f00f6ff2f00f7fe2700b0
:102ba00053110700f4ff2f00f5ff2f00f6ff2f0051
:102bb000f7fe27008e0037006f9b970067f92f0004
:102bc00007004300cf80de006109b9001fb2970003
:102bd000afb297003fb39700cfb397000020e1005a
:102be00001a8e10002b0e10003b8e1000d003d00e2
:102bf00020022000006988009faa97006128b90080
:102c0000ef0f07006022b800060020000701200037
:102c1000371107006022b8000600200007012000dd
:102c2000730037000a00e0000e0032000a0037008f
:102c30004274dd0086db2f000f03430008044300cd
:102c4000a2002000030020001800be002210070090
:102c5000008cbe000a05e800e80f5500f4ff3400c0
:102c60000e07e8009fb39700e88f540002003c0075
:102c7000878f5400050034004270dd008cdb2f008c
:102c80000f064600000046005c0037009fb6970024
:102c9000f18f5600f8ff3c00e98f560009003a001a
:102ca0001fa997006110b900c50f07000004be00fe
:102cb0000205be004f989500df989500c60f0700eb
:102cc000470037009fb19700e88f51001c003c007f
:102cd0001faa97006120b900b90f07000004be00c9
:102ce0000205be004f989500df989500ba0f0700c7
:102cf0000002be000203be000800be000a01be00c2
:102d0000fb1007000004be000205be009fb2970042
:102d1000688012004200dd00a1cb2000008040004e
:102d20001000be00a60f07000002be000203be0096
:102d30000800be000a01be003e100700be023700b8
:102d40003fa397007b004300d2ff2f009fb3970063
:102d500002b9b90002014000fe0f51000a003c0018
:102d60004f989500df9895000201e90003003300b9
:102d70008100d1000080d300fbff3700e00f50003e
:102d8000e08f5800bcff3a001fae97006160b900a9
:102d90008b0f07000004be000205be004f9895008f
:102da000df9895008c0f07000002be000203be00f2
:102db0000800be000a01be00cd1007000004be00de
:102dc0000205be009fb697006a8056004200dd00f3
:102dd000a1cb2000008040001000be00780f07004b
:102de0000002be000203be000800be000a01be00d1
:102df000bf100700900237000e07e9004001be0037
:102e0000e00f5100e08f5900fbff320094002000da
:102e10009fb09700110009008400d80001027800db
:102e20000001eb00d2af9f000400e000520032002e
:102e30009fb197000300e00001003d0069024200dd
:102e4000680012004200dd00a1cb2000008040009d
:102e50001005be0046db2f000f0343006044b8009e
:102e60008002eb00d5af9f00c4a79f000800be0002
:102e700085047800060478000002be002d003700ab
:102e80005806be000a01be000c00be00d4b79f0069
:102e9000e5b79f007d0f07005fb29700efb2970084
:102ea0000403400085834800068cbe000a01be0072
:102eb00000a02c00a1b92300f6b79f0087bf9f0098
:102ec000e00e07000002be000a01be000c00be00ba
:102ed000d4b79f00e5b79f007c0f07000001be003c
:102ee0005fb29700efb297000400be007a0f0700b0
:102ef0000002be000900e8007fb397008fbb970077
:102f00005fae97008c8f540009003a00e00f530029
:102f1000e08f5b0006003a0080067800fd07b200f3
:102f2000ddaf9f009fb09700e980500091b79f00f0
:102f3000800478008e8f5400d1ff3a000404be0054
:102f40004fa29700e00f5400e08f5c0006003200b3
:102f50004270dd0082db2f000f01410000004100c4
:102f60000888be000e07e800690212009fb19700b2
:102f70008481410093b79f000002eb00c4a79f002b
:102f8000dfae97006c003700cfa29700fd825200a1
:102f9000c5a79f000e06e900fc07b2006033b80029
:102fa000d6af9f00e7af9f004260dd0087db2f00b8
:102fb0008f83430080834300d7a79f001704be0080
:102fc0006055b800cd55dd004348de008b0570002c
:102fd0004d4ddd004340de000a057000cd44dd00ac
:102fe0000004eb005fa99700efa9970008044100d7
:102ff0008984490060054d00e0854d0004a02c0047
:10300000a5b923006033b8000440e10005c8e10021
:1030100006d0e10007d8e1000e0036000800be002f
:103020000a01be00a1120700d0af9f00e1af9f00d0
:1030300004a02c00a5b923006033b8000800be002e
:103040000a01be00a0120700dfa39700808bbe001c
:10305000050037005fa097000888be006011b80027
:10306000d2af9f00e3af9f000e00e900f007b2006f
:10307000800f56000b003a008d0f56000e003200f4
:103080004260dd0083db2f008f8141000080410022
:103090001000be00e00f5000e08f5800ed0132003c
:1030a000020037008d0f5600030032000c06e900c5
:1030b000fc07b200bcff37005faa9700efaa970099
:1030c000e00f5200e08f5a001b0032009fb29700c1
:1030d000e982420095b79f008d06e900fd07b20026
:1030e0008e8f56000d003a000d07e900fe07b20072
:1030f0000e00e900f007b2004200dd0086db2f0081
:103100000f03430000004300c270dd008100430054
:103110001001be0031187100219071004268dd007d
:1031200083db2f008f814100008041005faa970060
:10313000efaa97000488be009fb29700f18f52005b
:1031400091ff3400f28f520009003a004269dd001d
:1031500086db2f000f03430002014300e005270038
:1031600091082000b20f1000a28f180086ff3600d1
:103170008d03780062cd20000000eb008700400046
:10318000f107b2008e8f50000d003200c208dd0042
:1031900083db2f008f814100818041001104be003c
:1031a0005202be00840f5400858f5c000400390079
:1031b0000d003e000000e800e20f5000efff3a0073
:1031c0001fb29700f20f520007003a00d7af9f00de
:1031d0006044b8006055b8008006eb000800be00ef
:1031e0000a01be0067003700990020009fb29700d7
:1031f000fb8f520001003c00190020004fa39700f4
:1032000009034300c6a79f00100020000900dd004d
:103210000000e9006101b900d2a79f00e3a79f0069
:103220000aa02c00abb92300890178008301e900d2
:10323000030033008b85d1000a85d300fbff3700e4
:10324000070478006000b800d0af9f00e1af9f0096
:103250000a02be001fb59700870578002d003700d1
:10326000c240dd0086db2f000f03430081004300d6
:103270001101be000203be00090678000c06e90039
:10328000030033008703d1000683d300fbff370020
:103290005fae9700efae97000603460087834e00af
:1032a0008688be006fa0970083066000dfa09700ad
:1032b000028660000401be000c00be00d4b79f006f
:1032c000e5b79f00f6b79f0087bf9f00820e0700fb
:1032d000d0af9f00e1af9f000800e8005fb2970009
:1032e000efb297007fb397008fbb97008b0f54000e
:1032f00006003a00e00f5300e08f5b0003003a0045
:1033000080057800fb07b2006905550000047800cd
:10331000f807b2008e0f5400d1ff3a008b037800fb
:103320009ab79f005fa89700efa89700e00f5000a2
:10333000e08f58008fff32000e01e800f207b20064
:10334000870f5100070032004277dd0083db2f003a
:103350008f8141000e874100008fbe000207780078
:1033600084ff37000e00e900f007b2004200dd00e4
:1033700084db2f000f024200000042001000a0007a
:103380007cff3700dfaa970005864600fc07b200e5
:103390008e0f560009003a000e07e800fe07b20043
:1033a0000e02e9004222dd0086db2f000f034300fe
:1033b00004024300000aeb00341278006022b800d7
:1033c00056d62c00d71c2400490f07000004be006d
:1033d0000205be004266dd0087db2f008f834300bd
:1033e0000c8643001c00be00fb0d07000002be005f
:1033f0000203be000800be000a01be00420e070024
:103400008d06e800e28f5600deff3a000004be00a1
:103410000205be001fae97006160b900e80d07000d
:103420000002be000203be000800be000a01be008a
:103430002f0f07000002be000203be00d4a79f00aa
:10344000e5a79f00f6a79f0087af9f00cfa2970038
:103450005503b000c59f9f006f9b970006835200e5
:10346000d69f9f00bfa39700868f530006003400ad
:103470000600e0000b003500060678001d00200065
:103480009db79f00030037003fa697000000eb00a8
:1034900090b79f0040032000800f560037003c008b
:1034a000030037001100200091b79f000006eb00d9
:1034b000920620000c0151000000200001f82300ba
:1034c00066150700730d07005fa29700efa2970033
:1034d0007fa397008fab9700281307000002be0060
:1034e0000203be00f49f9f0085a79f0096a79f0040
:1034f000a7a79f00520320000c01510000002000ec
:1035000001f8230055150700620d07000002be00f8
:103510000203be005fa09700efa097007fa1970075
:103520008fa99700b71307000004be000205be0074
:103530000002be000203be005fa09700efa097004c
:103540007fa197008fa99700e90d07007f9a970048
:103550008fa297001fa39700afa39700ea0d070063
:103560000002be000203be00d4a79f00e5a79f0093
:10357000f6a79f0087af9f00080037006000b800e3
:103580006011b800f09f9f0081a79f0092a79f0045
:10359000a3a79f000004be000205be00dfa897009d
:1035a0000180e800f007b2008e0f50004e0032009c
:1035b0004200dd0082db2f000f01410000004100ce
:1035c0001001be00f04f2600d1dc2100800f510019
:1035d000818f59000e003e00e00f5100e08f59002e
:1035e00005003a00dfa9970063804100f007b200b0
:1035f0008e0f5000250032001faa97006120b900ed
:10360000720d07000200200003e8230016003700b7
:1036100000502600d1dc2100800f5100818f59001d
:10362000030032009faa97006128b9000b00370001
:103630005fab970063014300f207b2009fab9700b6
:103640006138b9008e0f510004003a005f0d070089
:103650000200200003f02300030037005b0d070089
:103660000200200003f42300c20f0700090d070029
:103670000002be000203be000800be000a01be0038
:10368000a10d07000004be000205be00500320008b
:103690000c005000e10f5000130034006022b8000d
:1036a0000600200007ff23000800be000a01be003c
:1036b000541307006022b8006033b800f00c070014
:1036c0000000e00008003a006022b8000600200078
:1036d00007ff23000800be000a01be008a0d070094
:1036e0000004be000205be003fa09700e3061000e4
:1036f000ef989700818656000802be000a03be00bc
:103700005fa09700efa097007fa197008fa9970077
:103710007d0d07007f9a97008fa297001fa3970047
:10372000afa39700720d07000002be000203be00a7
:1037300094af9f00a5af9f00b6af9f00c7af9f009b
:1037400064805600cf98970001f0a100810f5000cf
:1037500033003c000400be00a21207006022b80043
:103760000600200007342400b10c07000000e00030
:103770001b0035009fb297000500e00007003200f3
:103780005f9b970006066e000cf0a7000c06ea008f
:103790000c06ea004f66de009cb79f006022b8006e
:1037a0000600200007fe23001fa89700afa897007f
:1037b0003fa99700cfa997004d0e07000002be0059
:1037c0000203be0094af9f00a5af9f00b6af9f005d
:1037d000c7af9f00cfa297008502e800c5a79f0052
:1037e0004fa097004003b0008d0f50000a003d002d
:1037f0001fb397000600e000090032006022b80005
:103800006033b8000800be000a01be009c0c07002f
:103810000000e00002003200200220000069880061
:103820004fa297001fa89700afa897003fa9970045
:10383000cfa99700b31407004f0778004f06be00ca
:103840004f05be004f04be00ef1fb100ef03b100f3
:10385000000006000c07780014fe3700e4874700dc
:10386000889fbe008a9fbe008c9fbe008e1f78007e
:1038700000047800020778000100e000fa0035003b
:10388000bbf62f008a012000e18f500004003400b5
:10389000e28f5000f4003a00ebbc2f005a032000e6
:1038a00078089000b8109000810f5000030031009c
:1038b000b084fb00700c980003003700080078000b
:1038c00021010700800478000900780006f807004d
:1038d0000000e000f2ff3a00b0022000808f5400a8
:1038e000060032001c002000d0022000808f54000f
:1038f0000e003a002c002000010037000006eb000b
:103900006106160078089000b8109000810f5000f2
:1039100003003100b084fb00700c980003003700f6
:10392000080078000801070080047800b1ca200070
:103930008006eb0011003700e78f56000c003200c4
:103940007808900038119000820f50000300310079
:10395000b084fb00700c9800050037000800780068
:1039600081bf9f00f8000700800478008fb897009f
:103970008d06e800e88f56001f003200090178002c
:103980000250a0005100fb00800f5100eaff3200fe
:103990000d007800e38f560006003200e88f5600d5
:1039a00015003200e38f5600190036000e00e000cb
:1039b000bd003200b81090000100e00003003200aa
:1039c000780990000201e900720c98000e00e000f6
:1039d00009003200060037000100e0000300320059
:1039e000780990000201e900720c98000000e900db
:1039f000e30f5000f8ff3a00e10f46009d003a0047
:103a00006000b8000200200003ff2f00a000370074
:103a100041cb20000d00e00012003200a200370070
:103a2000e28f56000c0032007808900038119000a8
:103a3000820f500003003100b084fb00700c98002e
:103a4000050037000800780081bf9f00be00070016
:103a5000800478008fb897008d06e800e38f560049
:103a600006003200090178000250a0005100fb005e
:103a7000800f5100eaff32008b003700f8089000f9
:103a800038109000808f50000700310080c2b300d2
:103a9000314068000080fb000000ea004f00de00bb
:103aa000710c98000700370008007800a600070096
:103ab0008082b20000f0a7000000ea000000ea00e7
:103ac0004f00de00190020000004e0000700320073
:103ad000381090000000e0006a0032007808900082
:103ae0000000e900700c980066003700f8089000ac
:103af00038109000808f5000030031003180fb00af
:103b0000710c980002003700080078008e00070052
:103b100001fd2f0080804000e98f50000b0036002f
:103b2000f1fb2f0080804000f98f50000700360025
:103b3000f1f92f0080804000f98f5000030036001b
:103b4000f1052000810f500002003a008904e800ce
:103b5000e6ff370091022000810f5000490032003b
:103b6000381090000000e00003003200f8089000d8
:103b70008100e900710c98000e00e00007003a0097
:103b80000f0037000000e00003003200f80890004a
:103b90008100e900710c98008904e9000900e00047
:103ba000f8ff3a0037003700381090000000e000be
:103bb00003003200780890000000e900700c9800c3
:103bc00060012000006988006022b8006033b800fe
:103bd00008007800370007002300370000032000aa
:103be000808f54001a003a00f808900038109000b6
:103bf000808f5000030031003180fb00710c980071
:103c000002003700080078004f0007000050a000b5
:103c100081072000810f500007003a000e02780053
:103c20008c0178000b0178008a0078000800780089
:103c3000f1f7070016003700381090000000e00090
:103c400003003200780890000000e900700c980032
:103c50008e0278000c0278000a01be000800be0047
:103c60007efa07000a0037006000b8006011b80053
:103c7000070037006000b8000200200003ff2700a3
:103c8000030037006000b8000200200083ff270017
:103c90004f0778004f06be004f05be004f04be0020
:103ca0004f00b100000006000d00e000beff3a002a
:103cb000caff3700889fbe008a9fbe00441098004c
:103cc000551098006610980077109800f008900042
:103cd0002004900001045400cfc4de00614db900ff
:103ce00008189800191898002a1898003b1898008e
:103cf000e00f5200e08f5a00e00f5b00e08f5b00a6
:103d00000c0032000014900001045400cfc4de0007
:103d1000614db9000440e10005c8e10006d0e100b2
:103d200007d8e100030034000482400034109800fa
:103d30000200370080109000311098004f05be003f
:103d40004f04be00000006002800fa00889fbe0055
:103d50008a1f780000047800f8089000280090007e
:103d600000805000081a9000981a9000281b9000bc
:103d7000b81b9000cf80de0004024000858248001e
:103d8000068348008783480048109000d8109000b0
:103d900068119000f8119000e00f5000e08f58007b
:103da000e00f5900e08f5900050032000020e100cb
:103db00001a8e10002b0e10003b8e1000d003d0000
:103dc00008007800d4b79f00e5b79f00f6b79f00c2
:103dd00087bf9f001f030700800478005fb2970031
:103de000efb297007fb397008fbb97000900e00008
:103df00016003d0078089000a800900080805000d8
:103e00004f89de0004824000850249000603490014
:103e100087034900041c9800151c9800261c980074
:103e2000371c980030149800f0ff2f00f1ff2f008e
:103e30000001be00401498005114980062149800cc
:103e4000731498008084eb00520037006100420038
:103e5000e0804a0060014b00e0814b0090bf9f0072
:103e6000a1bf9f00b2bf9f00c3bf9f004812900038
:103e7000d812900068139000f813900094b79f0038
:103e8000a5b79f00b6b79f00c7b79f00e00f5200cd
:103e9000e08f5a00e00f5b00e08f5b0028003200eb
:103ea000780d9000081190000a0151006112b900cc
:103eb000612bb900d4af9f00e5af9f00f6af9f0024
:103ec00087b79f001fb09700afb097003fb1970032
:103ed000cfb197001fba9700afba97003fbb9700ca
:103ee000cfbb9700040050008580580006015900a0
:103ef0008781590090af9f00a1af9f00b2af9f0094
:103f0000c3af9f005faa9700efaa97007fab97000f
:103f10008fb397000020e10001a8e10002b0e100aa
:103f200003b8e100060034009fb297001fbb970062
:103f300006815200820045003114980002003700cb
:103f4000881390003714980028019000f80890001a
:103f5000810151001fba9700afba97003fbb97008d
:103f6000cfbb97004f98de000482410085024800d5
:103f70000603480087034800041c9800151c98009d
:103f8000261c9800371c9800828f500001003e00cc
:103f9000f9f89f00090078004f0578004f04be0033
:103fa0000080fa00000006000200fa00881f780076
:103fb00000047800e2bf9f00648157000800780089
:103fc00084020700980090000148a300010032001d
:103fd0000080eb004f0478000080fa00000006002b
:103fe000881f78000004780000082000808f5000af
:103ff0001700350010082000808f50000b0034009f
:1040000030082000808f500011003a0092007800a4
:1040100068805000000978003002be002003be0016
:10402000049cbe000694be00070037009202780090
:1040300064805200000978001000be00950a070055
:10404000009cbe000294be0010002000010037005a
:104050000000eb004f0478000000060084082000f8
:10406000848f50001d0032000d003c001408200019
:10407000848f50002700320002003c00040820001a
:104080000400370024082000848f500034003200e0
:1040900044082000848f500043003a003600370067
:1040a000040a2000848f50002700320004003c00e6
:1040b00004092000848f50003b003a00280037009c
:1040c000020c2000828f50002f003200020f2000cf
:1040d000828f500034003a002b0037009380e900b3
:1040e0000200e00005003200810978001102fb00a7
:1040f000cfa2de00612bb9002800370081097800cb
:10410000114278000482fb008002eb006033b800ab
:104110002200370013027800e40052000200e000a1
:1041200005003200810978001102be004fabde00ad
:104130008603780019003700810978001102be005b
:104140006033b800150037009380e90081097800da
:1041500011027800cfa2de00612bb9000f003700fa
:1041600093027800e8805200810978003102be0095
:104170002103be00090037009380e9000200e0003f
:1041800002003200f1ff37009380e90081097800d6
:10419000110278008002eb006033b8000498be0082
:1041a0000690be0010000500000005004408200035
:1041b000848f50002500320008003c0014082000c5
:1041c000848f50001400320024082000848f500097
:1041d00024003200040820000c00370004092000ed
:1041e000848f50001f00320004003c00840820002f
:1041f000848f500024003a000e003700040a20008b
:10420000848f500011003200040c2000848f500075
:104210001d003a000d0037009380e9008109780005
:104220009100780001087800cf91de008288be00fe
:10423000140037009380e90081097800910078002c
:1042400001087800824878000e0037009380e9006a
:1042500081097800910078000108780082087800d0
:10426000080037009380e900810978009100780008
:10427000010878006112b900612bb9008498be0072
:104280008690be001000050000000500889fbe005b
:10429000000478004800900082047800808f540069
:1042a0000100360080047800090178005800900071
:1042b000fd010700580090000900400050049800dc
:1042c000c800900089845000490498000048eb0021
:1042d0004f04be0000000600f2874700889fbe0022
:1042e0008a9fbe008c9fbe008e1f780080047800dd
:1042f00001057800020478008305780061076200f8
:1043000002003a008b0f54000800390008017800c1
:104310008a00780009007800dcff07008b0f54004a
:1043200002003900880578001e0037000886550015
:104330000c017800f00f5600010036000201200049
:10434000010220007e805700a1f407008c0678004f
:104350000500370002012000fe80570009007800a8
:10436000caff0700f0865600ef8f5600f9ff3e00a7
:104370004461de0000ff2f000091b90002014600f9
:10438000fe80570009007800c0ff07000e00e00023
:1043900004003a00080178008a00780009007800db
:1043a000baff07000b0078004f0778004f06be00e9
:1043b0004f05be004f04be002f01b10000000600f3
:1043c0000000050000000500000005000001780065
:1043d0000040eb008080fb0081804000a3ce2000e5
:1043e00063c278000404e00003003a00b0ce20006d
:1043f00060c078000000060092017800934f5200e0
:1044000004003a00b0ce200060c078000309e80044
:10441000010037000040e800ea4f5000edff360091
:1044200000000600f6874700889fbe008a9fbe00f6
:104430008c9fbe008e1f7800000578000104780074
:1044400083057800040678000000eb00c0b79f00e9
:104450008080eb00d1b79f00e0b79f00f2b79f00cc
:104460000008200080bf9f009800780001007800bd
:104470008004eb00010037008904e8003041780037
:104480000204e0000300320053c2b300834f510026
:10449000f9ff3a000900e000040032000901780049
:1044a0000a00780079ff0700188c4400180778008c
:1044b00050c2b3009e4f10003f013a000e07e800c3
:1044c0000e0c780010003700cfb097000100a0005c
:1044d0000b003700cfb097000110a0000800370094
:1044e000cfb097000120a00005003700cfb09700a3
:1044f0000130a00002003700cfb097000140a000bb
:10450000c1b79f00000ce8001800780090407800c8
:10451000b2c2b30082cf5000f1ff320007003c006e
:1045200002c2b30082cf5000f0ff320032c2b300ab
:1045300082cf500007003a00efff3700d2c2b3002d
:1045400082cf5000e0ff320002c3b30082cf5000a0
:10455000e0ff3200a2c2b30082cf50000d003a004b
:10456000000ce8001c80e900000e780010007800c4
:10457000e0b79f000000e0000f003d00cfb09700c3
:104580000100a200c1b79f000000ea00e0b79f0051
:104590000900370078f30700e0b79f0001003700fb
:1045a000000ce800180078009000fb000103b10047
:1045b000e98f5000faff36004fb097000008a300c3
:1045c000020032000010a100c0b79f001800780060
:1045d000e1c2b30090cf100016003a008000eb005b
:1045e000d1b79f000000e800000c7800a1c2b30022
:1045f00090cf100006003a00000ce8001c80e90093
:10460000000e780010007800d0b79f000900370036
:1046100059f30700d0b79f0001003700000ce800f5
:10462000180078009000fb000103b100e98f5000f2
:10463000faff36000800780064ff07008046780023
:10464000180078001000fb003601070091062000da
:10465000810f50003800320012003c00410620005b
:10466000810f5000340032000a003c001106200087
:10467000810f50002000320031062000810f5000d1
:10468000a000320051022000810f5000bc003a000f
:10469000b400370071062000810f5000b8003c00c4
:1046a0008800370001072000810f50005c003200b5
:1046b00007003c00e1062000810f50007a00320024
:1046c000f1062000810f5000ad003a00390037009c
:1046d00051072000810f5000270032008107200081
:1046e000810f50004200320031072000810f50003e
:1046f000a3003a008f0037008d80fb000c0178008a
:1047000000fe2f000f00400035fe07000000e00013
:10471000a800320018007800000ce80090417800f2
:1047200002fe2f000f014100f88057000a007800b8
:10473000040107000e0037008d80fb008c0178001b
:104740001200200000fe2f000f00400043fe070073
:104750000000e00097003200180ce80002fe2f0075
:104760000f014100f88057000a0078009703070006
:1047700080844400900037008d80fb008c0178001d
:104780000001eb0000fe2f000f00400033fe070089
:104790000000e00087003200180ce80002fe2f0045
:1047a0000f014100f88057000a0078006e070700eb
:1047b000efff37008d80fb008c0178000001eb00db
:1047c00000fe2f000f00400024fe07000000e00064
:1047d00078003200180ce80002fe2f000f014100a3
:1047e000f88057000a007800ad060700e0ff3700a8
:1047f0008d80fb008c0178000001eb0000fe2f0093
:104800000f00400015fe07000000e00069003200c4
:1048100018007800000ce800904178001c00370078
:104820008c0178000001eb00010f200000fe2f003a
:104830000f00400009fe07000000e0005d003200ac
:10484000180ce8000fb097009fb097002fb19700a9
:10485000bfb19700e00f5000e08f5800e00f590003
:10486000e08f590009003a00cfb597006fb4970068
:1048700020ce2000930007000b027800880178000a
:104880000001780021ce20004700370083c7b30025
:1048900002fe2f000f014100f88057000a00780047
:1048a0005a070700b2ff37000b8144008d80fb00e0
:1048b0008c01780000fe2f000f0040003bfe070037
:1048c0003c0037008d80fb000c01780000fe2f00bb
:1048d0000f004000c2fd07000000e000350032007c
:1048e00018007800000ce8009041780002fe2f00cc
:1048f0000f014100f88057000a0078008d0307007f
:104900009bff370000c8b30080cf560029003a0053
:10491000180ce8001c80e900000e780010407800b8
:10492000e0df9f0013002000e2fd2f000f01410097
:104930000800370000c8b30080cf56001d003a00c1
:10494000180ce8001c80e900000e78008001eb00e4
:1049500010017800f88057000a00780085060700eb
:1049600083ff370000c8b30080cf560011003a0023
:10497000180ce8004fb29700efb19700080037001d
:104980000e0c78000000eb00c0b79f00e0b79f005e
:104990000080eb00d0b79f000002eb00840178009c
:1049a0001200200081ce20000a0078004afe070095
:1049b0006fff3700180ce800090078004f077800f7
:1049c0004f06be004f05be004f04be006f01b10090
:1049d000000006008200fa00889fbe008a1f78004f
:1049e0000005780082047800c13f9f000004eb00be
:1049f000100037000902780088017800a2f72f0024
:104a00000f01410081f72f008f8040000a007800dd
:104a100084fe070008004000880f500004003d009d
:104a2000b0042000006988000084eb000400370017
:104a3000000478004f3897001004e000edff3a00c2
:104a4000080078004f0578004f04be000080fa008f
:104a5000000006000200fa00889fbe0000047800f3
:104a6000080078008e0707008084eb000000e0005b
:104a700009003a009811900012002000e6805700cb
:104a80000800780003000100e10f500002003a0026
:104a90002ff897008084fb00090078004f04be00c7
:104aa0000080fa0000000600800178000200370054
:104ab000b15978000201e9000200e000fcff3a0071
:104ac0000000060080007800040037003104e00098
:104ad00002003a00000051000000060001017800c9
:104ae0000108a300f9ff3a00810178003101780044
:104af000f4ef2f00020242000281ea00020162008c
:104b00000408280004016100f7ff320083007800e8
:104b1000010178003104e000fdff3a00000051007f
:104b200000000600f1fb2f0080804000f98f50004c
:104b300001003e000050a00000000600f9ff370011
:104b4000000006003e00fa00889fbe008a9fbe005b
:104b50008c9fbe00100798008346780011007800f3
:104b6000400f9800910190004307980021029000a7
:104b7000240f9800c1029000050f7800b10090004a
:104b8000611f98003204be002205be00281f980055
:104b9000391f98004a1f98005b1f98006022b800d8
:104ba0006033b8000800be000a01be009b07070082
:104bb0000000e00009003d000800be000a01be0040
:104bc00003f0a200201f9800311f9800421f980098
:104bd000531f9800d0c2b30004003700ce089000e5
:104be0000128a30009003200b0c2b3006e19900082
:104bf00000497800ae0990008301e900330f980066
:104c000014002000540f980010003700ce0a9000c6
:104c10000538a3000900320000c2b3006e1b9000eb
:104c2000004b7800ae0b90008703e900370f980027
:104c300018002000580f980004003700ae0c9000b8
:104c4000390f98000005eb005a0f98002e189000bd
:104c5000be1890004e199000de199000b8ff0700b2
:104c6000f4ff2f00f5ff2f00f6ff2f00f7ff2700be
:104c70000402600085826000060361008783610092
:104c80006000b8000200200003ff27000020e100c0
:104c900001a8e10002b0e10003b8e1000c003a0015
:104ca0008d06fb001d04b100ee1d9000de08900093
:104cb0000180450001d02000f98f56000100360028
:104cc00041d020001b07070040d020002f023700f2
:104cd0000020e10001a8e10002b0e10003b8e1001a
:104ce0000c0036008d06fb001d04b1006e1990000b
:104cf000de0990000300410081d02000f98f5600aa
:104d000001003600c1d020000a070700c0d02000f3
:104d10001e02370000c3b3006e1a9000de0a900036
:104d200000f27a000500e800000142008d00fb005f
:104d3000f6fb2f00068340002607980081c7b300ca
:104d4000f90f530001003e0081c5b300014978000e
:104d50000000e800500f98006022b8006033b800ef
:104d60002e189000be1890004e199000de19900089
:104d70002a0707000000e0005e0032008003eb001d
:104d80006044b8000a0020000bff23006807980069
:104d9000790798000a0f98001b0f98000706780003
:104da000050037000c06e8006e0c9000fe0c900029
:104db0000e1590009e1590000802be000a03be006a
:104dc0000800be000a01be00cf0707000002be00b7
:104dd0000203be00640f9800750f98000617980034
:104de000171798002e189000be1890004e199000ca
:104df000de199000090707000000e000e9ff3d0010
:104e00006c0f98002a0037006022b80006002000ce
:104e100007fe23000800be000a01be00b408070018
:104e20006022b8006033b800fc0607000000e00014
:104e300016003a006022b800060020000735240062
:104e40000800be000a01be00a90807000004be0059
:104e50000205be006022b8000600200007352400cd
:104e60002e189000be1890004e199000de19900088
:104e70009f0807000002be000203be00241f980026
:104e8000351f9800461f9800571f98006022b800f1
:104e90000600200007fe23000800be000a01be0035
:104ea000930807000004be000205be000c06e900de
:104eb0000802be000a03be002e189000be18900023
:104ec0004e199000de199000d40607000000e000a3
:104ed000cdff35000800be000a01be006007980043
:104ee00071079800020f9800130f98006c0f98003c
:104ef000090037008000eb00610f98006022b800c5
:104f00000600200007ff230064079800750798003b
:104f1000060f9800170f9800ce0290008001200025
:104f20000500e000010035004e0090000000e800a0
:104f3000300798006e049000fe0490000e0d900063
:104f40009e0d900068179800791798000a1f980026
:104f50001b1f98002e1c9000be1c90004e1d900040
:104f6000de1d90000006eb003a0037006e12900044
:104f7000fe1290000e1b90009e1b90000800be00c9
:104f80000a01be00ab070700a10c07000002be002b
:104f90000203be00241798003517980046179800a2
:104fa00057179800da060700800278005507980026
:104fb0006e129000fe1290000e1b90009e1b90003f
:104fc0002e109000be1090004e119000de11900047
:104fd000470807000002be000203be000800be0032
:104fe0000a01be00420707000004be000205be0021
:104ff0006022b8000600200007fb23006e1090001e
:10500000fe1090000e1990009e19900038080700bd
:105010000002be000203be006417980075179800d6
:10502000061f9800171f98000c06e800ce0290009b
:105030000500e00007003d006022b8006033b800c2
:105040000800be000a01be00740607000000e00070
:10505000040032003e039000860f5600c3ff350067
:10506000010037003c0798006022b80006002000cd
:10507000070224006e109000fe1090000e199000a0
:105080009e1990001a0807000002be000203be002d
:105090006417980075179800061f9800171f98004e
:1050a0000800be000a01be005c0607000000e00028
:1050b0000d0035006e129000fe1290000e1b900045
:1050c0009e1b90000800be000a01be0053060700a8
:1050d0000000e00011003a00de0290000508a30085
:1050e000080032000d0037006044b8006055b80079
:1050f00068179800791798000a1f98001b1f9800de
:10510000060037006000b8006011b8006017980012
:1051100071179800021f9800131f98006e129000dc
:10512000fe1290000e1b90009e1b90002e18900007
:10513000be1890004e199000de199000f20607008c
:105140000002be000203be006417980075179800a5
:10515000061f9800171f980079fe07000203be0083
:105160000002be00f0ff2f00f1ff2f00f2ff2f0022
:10517000f3ff2700000462008184620002056300df
:1051800083856300281f9800391f98004a1f9800e4
:105190005b1f98006000b8000200200003ff27009a
:1051a0000040e10001c8e10002d0e10003d8e100c5
:1051b000bbfe3200be0c90008984e900291f9800d4
:1051c0005e0e90008006eb005d0798002d1798009a
:1051d0006f0037006e029000fe0290000e0b9000f0
:1051e0009e0b90006e109000fe1090000e19900023
:1051f0009e1990000f070700050c07000004be0071
:105200000205be0042060700800078000100e000b1
:1052100006003a002e1090000000e000030032006b
:105220008d06e8003d0f9800330037005e019000c6
:105230000200e0000c003a00ae1190000300e00014
:1052400009003200e0c2b3006e1a900000727e00c6
:105250000c06e800ae1a90008502e900251f9800b0
:105260001600200056079800ee1b90000c814300aa
:105270000d007800070278000300370003c3b30075
:10528000035978000000e9000000e000fbff3a004d
:10529000300f9800641f98000d064600e98f5000fb
:1052a00003003c0000032000010040000200370022
:1052b0007005200001004000ae009000f98f500002
:1052c00006003e00800078000150a0001106b100e9
:1052d000f98f500001003e009d0507006e199000f7
:1052e00000717e000c06e8008d86ea00ae19900081
:1052f0008d814100231f98006e029000fe029000f5
:105300000e0b90009e0b90000800be000a01be002c
:10531000770707000002be000203be006e10900077
:10532000fe1090000e1990009e1990007006070064
:105330000002be000203be006417980075179800b3
:10534000061f9800171f98006022b8000600200072
:1053500007fb23006e009000fe0090000e099000f5
:105360009e099000620707000004be000205be000f
:1053700068079800790798000a0f98001b0f98009b
:10538000ae1490008904e90029179800be0e900021
:105390002e1590000a00ea00be0590008b0f500009
:1053a00004003d009e00780065805000800f56008c
:1053b00088ff39005e0190000200e0001e003a0004
:1053c0000d00e0007d003400ce0190000300e000fd
:1053d0007a0034004e0a90000408a30077003a00d7
:1053e000ee1a90008c804200e0c2b3008048780042
:1053f0000d0078008501780002c3b3008268780050
:105400000000e900fcff3a00631f98000c8646008c
:105410000c06e8002e1b90000600e9000d0050006d
:10542000201f980004003700e0c2b300ee1b90007c
:1054300080737e000c06e8006e1c90000c00440097
:105440000048eb009e0478008900e9000041eb0071
:1054500002f478008001eb006e0d90000a00e0007d
:1054600003003d000a05ea006a0f980013002000bf
:10547000120020006e0a9000810378002e1b90001d
:105480006e1c9000800678000900370081037800c8
:10549000a5002000110009000502d8000002be008e
:1054a0000543b00005f47b000201e9000603e900b2
:1054b0008700e9000400e000f4ff3a00e10f51002a
:1054c000f2ff3200261f9800681f98000d00780038
:1054d00001024400b2c2b3000300e0000100320048
:1054e000d2c2b300024a78000101e900ee1990002f
:1054f0008280410003c7b3002e029000f90f5200d2
:1055000001003e0003c5b30083487800820f5600b7
:1055100001003d0007050700ce0a9000638062008d
:10552000e20f500018003a002e1b90000684e9009c
:105530004240a900140034006e18900061fd07007d
:10554000800044008100e800ee1b90008180430051
:105550008701780002003700e36078000000e9006e
:10556000de0c9000890f5000fbff3d00631f980088
:1055700009804100080178000103200014f00700b1
:105580000005eb002a0f98006e1890004dfd0700f3
:105590004e0a9000ae09900000017800ee189000cd
:1055a0001e0090004cfb07004f06be004f05be00da
:1055b0004f04be000080fa0000000600ce0d9000ef
:1055c0000b48a30098ff3a009bff3700ec87470089
:1055d000889fbe008a9fbe008c9fbe008e1f7800f1
:1055e0000006780001047800180790002805900054
:1055f00098067800cdb79f00b80590003202be0033
:105600002203be000400be000601be004f18de00eb
:105610006011b8008000eb00d0b79f00e1b79f0099
:10562000f2b79f0083bf9f00800478000900e0006c
:10563000060032006000b8006011b800040250009b
:105640008582580006035900878359000e00e00048
:10565000020035000d10a100cdb79f000900e00049
:1056600005003a004fb097000028a30002003a005e
:105670000038a300020032008a00e9000100370070
:105680008a007800f8815700a20020000800780006
:10569000620307000900e00003003a00cfb0970062
:1056a0000128a300080032000000e9000081450045
:1056b000b1c2b3000900e00001003200d1c2b30062
:1056c00001497800050037000138a30003003200cb
:1056d0000000e90001c2b300817578004801900024
:1056e0000201e90000015100808045004fb297009f
:1056f0008a0178000c007800f7fa07009c009000ff
:105700000188a3000400320098009000810f50002f
:1057100001003d00010078004f0778004f06be00f1
:105720004f05be004f04be00cf00b10000000600d0
:10573000000006004200fa00889fbe008a9fbe005b
:105740008c9fbe0020079800110f9800034f98000f
:1057500011007800400f980091009000610f9800b0
:105760009e099000a3019000330f98001e0a90003c
:1057700044029000140798009e0a9000b502900021
:10578000052798003204be002205be006022b80042
:105790006033b8000800be000a01be009f04070085
:1057a0000000e00003003d000bf0a200d0c2b300f7
:1057b000040037004e0b90000628a30009003200b9
:1057c000b0c2b3008e239000804b78003e0890005a
:1057d0000000e900700f980011002000510f9800a0
:1057e000100037004e0990000238a3000900320073
:1057f00000c2b3008e219000804978003e0a9000dc
:105800000402e900740f980015002000550f98005d
:10581000040037003e0b9000760f98008003eb00e9
:10582000570f98000800be000a01be00c0ff070025
:10583000f4ff2f00f5ff2f00f6ff2f00f7ff2700e2
:1058400004026000858260000603610087836100b6
:105850006000b8000200200003ff27000020e100e4
:1058600001a8e10002b0e10003b8e10011003a0034
:105870000e4890008000fb001104b1000e21900042
:10588000de09900003004100f98f500002003e0045
:1058900001d120000100370041d12000250407007c
:1058a00040d1200087fc07005e0a90000401400000
:1058b000150037000020e10001a8e10002b0e1007e
:1058c00003b8e100130036008e4a90008500fb000b
:1058d0001104b1000e239000de0b9000070043007e
:1058e000f98f500002003e0081d1200001003700f6
:1058f000c1d120000f040700c0d1200071fc0700b7
:10590000de089000010140004e0a9000be099000a0
:10591000500237006022b8006033b8000800be00b3
:105920000a01be003d0407000000e0006a003200ea
:105930006022b8000600200007ff230044179800eb
:105940005517980066179800771798008006eb00a7
:105950000800be000a01be00001f9800111f980039
:10596000221f9800331f98000e2690000700370072
:105970008d06e8000802be000a03be004417980026
:105980005517980066179800771798006022b8009e
:1059900006002000470224004e109000de10900008
:1059a0006e119000fe119000d10507000004be00aa
:1059b0000205be000002be000203be000e189000e9
:1059c0009e1890002e199000be1990001304070035
:1059d0000000e000e6ff3d000c2798000006eb0009
:1059e0004e149000de1490006e159000fe1590008d
:1059f0002500370040ed2f00808f560019003d0034
:105a00000c00e00016003a006022b80006002000fa
:105a1000073524000e1890009e1890002e19900053
:105a2000be199000b20507000002be000203be00ce
:105a3000041f9800151f9800261f9800371f980014
:105a40006022b80006002000073524000800be00d0
:105a50000a01be00a60507000004be000205be0044
:105a60001c0020006022b80006002000470224002d
:105a70000800be000a01be00ee0407000004be00dc
:105a80000205be008d06e9000802be000a03be0042
:105a90000e1890009e1890002e199000be199000cc
:105aa000de0307000000e000d2ff35000800be0062
:105ab0000a01be004017980051179800621798001d
:105ac000731798000e1c90009e1c90002e1d9000d5
:105ad000be1d9000080037006022b80006002000bc
:105ae00007ff230044179800551798006617980081
:105af000771798008006eb008e4a90000500fb00a7
:105b000008fc0700104f98006e0b9000600020000a
:105b10000600e000010035006e08900071c6b30079
:105b20009e4b900081cf53000a003a00ee0890008f
:105b30000100e000cf013200cf0137008d0f50008f
:105b4000d3013c00001f980052c6b300425f98008a
:105b50001e0037009e499000435f98000200370006
:105b600064c6b300445f98000000e800001f98007e
:105b700060c6b300ce5a900080cf520013003a00a6
:105b80000d00e00008003d006000b80002002000a9
:105b900003ff2300401798005117980062179800e0
:105ba000731798008006eb0061c6b300415f980050
:105bb00070c6b3001e499000804f510003003200b0
:105bc0008e1990008d814100031f98004e129000a5
:105bd000de1290006e139000fe139000441f980098
:105be000551f9800661f9800771f98000800be0098
:105bf0000a01be000017980011179800221798009c
:105c0000331798000006eb000802be000a03be002e
:105c1000540798006507980076079800070f9800ca
:105c2000310037004e1a9000de1a90006e1b900073
:105c3000fe1b90000e1090009e1090002e11900000
:105c4000be1190007b040700710907000004be002c
:105c50000205be00ae03070080027800250f980001
:105c60004e1a9000de1a90006e1b9000fe1b9000f2
:105c70000800be000a01be001d0507000e129000bc
:105c80009e1290002e139000be139000180407007f
:105c90000002be000203be0007f0a2000417980035
:105ca0001517980026179800371798006022b8003b
:105cb00006002000470224004e189000de189000d5
:105cc0006e199000fe1990005a0407000002be00f1
:105cd0000203be00441f9800551f9800661f9800dd
:105ce000771f98000c06e8008e1a9000850f56006a
:105cf000ccff35005e049000ee0490007e0590001d
:105d00008e0d90006022b80006002000470124009c
:105d10004e189000de1890006e199000fe19900049
:105d2000f30407000002be000203be00441f9800f7
:105d3000551f9800661f9800771f98000e1090005e
:105d40009e1090002e119000be11900033030700aa
:105d50000000e0000f0035004e1a9000de1a90009f
:105d60006e1b9000fe1b90000e1090009e10900085
:105d70002e119000be119000280307000000e000e3
:105d800011003a00ae0a90000508a3000800320096
:105d90000d0037006000b8006011b800401f980087
:105da000511f9800621f9800731f9800060037006b
:105db0006022b8006033b800441f9800551f980057
:105dc000661f9800771f98004e1a9000de1a900008
:105dd0006e1b9000fe1b90000800be000a01be0072
:105de000c90307000002be000203be0004179800aa
:105df0001517980026179800371798006022b800ea
:105e000006002000470224004e109000de10900093
:105e10006e119000fe119000b50407000004be0052
:105e20000205be000002be000203be000e1090007c
:105e30009e1090002e119000be119000fc020700f1
:105e40000000e000090035008d06e80060c6b300e0
:105e5000ce5a900080cf520008003a000e1b9000ee
:105e60000603e800061f9800110037004e1490004a
:105e7000de1490006e159000fe15900050c6b30021
:105e80004e599000804f510009003a000802be00b0
:105e90000a03be00441f9800551f9800661f980013
:105ea000771f98008002eb00451798000700370025
:105eb0000800be000a01be00401f9800511f980054
:105ec000621f9800731f98004d1798005e0e900097
:105ed0000001eb00220f980032079800520798004b
:105ee0000d0f78006a0037004e1a9000de1a9000fd
:105ef0006e1b9000fe1b90000e1090009e109000f4
:105f00002e119000be119000ca030700c0080700c0
:105f10000004be000205be00fd020700e90f5000ac
:105f20000100340090002000ce0990000348a30037
:105f30000c003a000000e0000a003a0071c6b3000d
:105f40001e4a9000814f520006003a00ce12900087
:105f50000500e00003003d002e0b90008606e800df
:105f600023003700be0390000700e0000c003a0059
:105f7000ce1090000100e00009003d00e1c2b30036
:105f80000e21900001717e000c06e800fe099000d1
:105f90008301e900730f9800140020003407980073
:105fa0008e2290000c814200ae0e90008501780098
:105fb0000300370001c3b300015978008d06e900e2
:105fc0000d00e000fbff3a00032798002e0b900025
:105fd000060646000043b00080717e000c06e80013
:105fe0000680ea00fe0b900080834300770f980044
:105ff0004e1a9000de1a90006e1b9000fe1b90005f
:106000000800be000a01be00390407000e1290000d
:106010009e1290002e139000be13900034030700d0
:106020000002be000203be0007f0a20004179800a1
:106030001517980026179800371798006022b800a7
:1060400006002000470224004e189000de18900041
:106050006e199000fe199000760307000002be0042
:106060000203be00441f9800551f9800661f980049
:10607000771f9800ce1290008502e900451798001e
:106080005e0390000603e800560798002d0f980065
:10609000de0390000e189000808f530005003d0035
:1060a0009e0890004100900065005000800f56004f
:1060b0008dff39009e0678003e0190000200e0004e
:1060c00007003a00ce0990000348a3000400320004
:1060d000e0c2b3000e22900000727e000c06e800c1
:1060e0008e2290000c8042000048eb0051c6b300a5
:1060f0004e5b9000814f530038003a009e039000a1
:106100008700e9000041eb0082f278008001eb009b
:106110000d00e00002003d008d06ea0013002000a3
:106120002200200001037800fe0a90008e239000d8
:10613000000478000a00370001037800a400200062
:10614000110009008406d80001027800800678005a
:106150000443b00084737b000201e9008502e9007a
:106160008600e9000d00e000f3ff3a000200e000c5
:10617000f1ff3c00750f9800072798000800780091
:1061800001824300b2c2b3000300e000010032000c
:10619000d2c2b300024a78000101e9008e219000ca
:1061a000828041008e4a90000502fb001404b10079
:1061b00053c6b300f90f520001003e0053c4b300b0
:1061c000834878007e0b90000683e900760f9800e4
:1061d000820f560001003d00d6010700ce0b900053
:1061e00063806300e20f500015003a007e089000c3
:1061f0000000e000120034000e20900031fa070089
:106200008e219000040037007e09900082804100ba
:10621000e37078000000e900de0a9000850f50006e
:10622000f9ff3d0003279800058041007e0990009a
:1062300001032000e6ec07000003eb00360f980096
:106240000e2090001ffa07004e0a9000be09900031
:10625000000178008e2090002e0090001ef80700ac
:106260004f06be004f05be004f04be000080fa007e
:106270000000060010002000e48f46002ffe3d00c5
:10628000001f980057c6b300475f98004ffe3700c5
:106290000d00e00032fe3500001f980042fe37007e
:1062a0000200fa00889fbe008a9fbe008005780029
:1062b0000104780002007800180190002805900081
:1062c00098007800b1bf9f00b80490000200e00081
:1062d000020035000110a100b1bf9f00ea81570004
:1062e000820020008a0078003002be002003be0039
:1062f00008007800490007003fb99700f0006100ee
:10630000030032000000e90001c3b300817478008b
:106310003fb99700e8006100030032000000e90087
:1063200001c2b30081747800480190000201e900c5
:1063300000015100808044003fba97008a01780034
:106340000b007800e4f707009b0090000188a30091
:106350000400320098009000810f500001003d00c1
:10636000010078004f05be004f04be000080fa0017
:1063700000000600ea874700889fbe008a9fbe0093
:106380008e1f7800000478000300780072875700a1
:1063900084e2260055c72600049fbe00c396220053
:1063a000030f78006c875700004feb001105900039
:1063b000a1049000910578000200e0000200320084
:1063c0000207780001003700728757000000e000e4
:1063d00002003a000e007800baf907000a00e00057
:1063e000030035008a0f5000010036000a007800d3
:1063f0000b02780089017800000178008e00780097
:1064000008007800b4f707004f0778004f05be007a
:106410004f04be00af00b10000000600f487470043
:10642000889fbe008a9fbe008c9fbe008e1f780092
:106430000605be000404be0081bf9f0082b79f0016
:10644000f3b79f00b0009000e1b79f001301780000
:1064500092b79f0090069000400090000000e90075
:10646000000678000d00e00001003d001d00200046
:106470008040eb00efb19700817178001e00200092
:106480001f0037000c06e9000fb09700cf80de0038
:106490006109b900a0b79f00b1b79f00c2b79f00c4
:1064a000d3b79f000203be000002be000800be007a
:1064b0000a01be0084050700000778000e4078003e
:1064c0000043b000efb0970080707e008d06e900b9
:1064d0000fb997000201e90082bf9f002fb2970019
:1064e000bfb297004fb39700dfb397000800be001c
:1064f0000a01be006d0507000205be000004be00d3
:106500000c00e0000d003400e00f5400e08f5c0050
:10651000e00f5d00e08f5d00daff3a000d00e00063
:10652000d8ff3c008fb997000300e000030034005f
:106530001fb097000018a300d2ff3a000e00e00041
:1065400002003a00ffb097001140a1000c00780053
:106550004f0778004f06be004f05be004f04be0037
:106560004f01b100000006000200fa00889fbe0043
:106570008a9fbe00000578000104780002007800c0
:1065800018019000a804900098007800b1bf9f0007
:10659000b80590000200e000020035000110a100e3
:1065a000b1bf9f00ea815700a20020008900780057
:1065b0003002be002003be000800780097ff0700ed
:1065c000480190000201e90000015100808045006f
:1065d0003fba9700890178000a0078003ef707006b
:1065e0009a0090000188a3000400320098009000f7
:1065f000810f500001003d00010078004f05be00f2
:106600004f04be000080fa0000000600fa87470031
:10661000889fbe008a9fbe008c9fbe008e1f7800a0
:106620008004780001047800820578001801900049
:106630002805900018077800b80090000200e000dc
:10664000020035000e10a1000100370012002000ea
:1066500070006700e0b79f00090032003b02be00f7
:106660002b03be00e00f5200e08f5a00e00f5b00ea
:10667000e08f5b00020032008a86e90001003700eb
:106680008a067800e8026700f5b79f000100320033
:106690008d06e9003b02be002b03be00e4af9f0065
:1066a000f5af9f0086b79f0097b79f004806900000
:1066b0000c06e9000040eb0080707e00efb297000e
:1066c0007fb297008903780081047800d8af9f00db
:1066d000020478008bbf9f008a057800034578008c
:1066e0002a0037000c06e9006fab97006f006300cb
:1066f000e90f500002003c000003b0000100370029
:106700007005b0000a03fb001604b100f90f530036
:106710000c003e00000378000650a0001606b100f1
:10672000f90f530007003e00b4b79f00a5b79f00c4
:10673000c7b79f0086000700cfb39700afb297009e
:106740003fb2970080747e000804e9008d06e900de
:106750006fa89700ffa897000fb197009fb197000f
:10676000460020008301d1000281d3008180d30044
:106770000080d3000603e900faff3a00e0af9f0073
:10678000f1af9f0082b79f0093b79f00e10f5600c3
:106790000f0034006fa89700ffa897000fb1970073
:1067a0009fb19700e00f5000e08f5800e00f5900b4
:1067b000e08f5900cbff3a000800e000c9ff3c0021
:1067c0000d00e000020034000e18a300c5ff3a00df
:1067d00089007800f4b79f00870478005fac9700c9
:1067e0008a4178000b0578008fbd97000500e00016
:1067f000100032003b02be002b03be00e4af9f003e
:10680000f5af9f0086b79f0097b79f00e00f52003b
:10681000e08f5a00e00f5b00e08f5b000500320064
:106820000c06e90083707e000c06e90000c3b3008b
:1068300080707e00ffb297000500e0000300320088
:106840000c06e90000c2b30080707e004801900091
:106850000201e9000c0151008c8040000e0278001a
:106860008a017800090078009bf6070099009000e3
:106870000188a3000400320098009000810f5000ae
:1068800001003d00010078004f0778004f06be0070
:106890004f05be004f04be00af01b100000006006e
:1068a000881f780000047800486090008040e9006c
:1068b00000c0700040649800d8009000680090000c
:1068c000808f500005003600b80990000001eb00f1
:1068d0008200780008007800030001000000eb004f
:1068e000200c9800600498005004980098009000d4
:1068f0000118a300030032000140a0001104980019
:106900000800370028019000380090000000410086
:1069100000149800700c98000000eb000138a300f0
:10692000010032000080eb004f04780000000600f8
:1069300010003700881f78000004780008007800f5
:1069400016000700080078004f04780000000600d9
:10695000f1f92f0080804000f98f500001003e00c7
:10696000f005b20000000600f9ff37000000060045
:1069700000000500fdff0700106980008000eb00ab
:10698000fbff0700106980008000eb00f8ff0700a4
:10699000106980008000eb00f5ff370001017800ee
:1069a00080017800008268000408a300050032001e
:1069b0001300370032407800805978000004e0006e
:1069c00014003200030278000208a300f9ff3a0025
:1069d0000300780001003700031878008200780077
:1069e000b2017800f5ef2f00838242000382ea00b3
:1069f000048262000508280005026200f6ff3200ea
:106a00000002780031417800025878000204e0006a
:106a1000fbff3a0004007800000006008f1fd10041
:106a2000b40407008f87e9000000e00000000600c2
:106a3000809feb00af0407008f87e9000000e000b3
:106a400000000600839f68000100e00002003d0096
:106a500060001000e08018000300e00002003d002c
:106a600060011100e0811900880007004f00e0007c
:106a700002003b0060001000e080180000000600eb
:106a8000801feb009b0407008f87e9000000e000f7
:106a9000000006008103780021e707000001be0026
:106aa0006000b8000478a30013003a006220e100ff
:106ab00015003e000d0039008301d1000281d30092
:106ac0008180d3008301d1000281d3008180d30073
:106ad0008301d1000281d3008180d3000538b0004a
:106ae000c42add00f300b2008381720007f0a70022
:106af00003f0a0000000060083ff27000200200032
:106b00006110b900f9ff370003ff2700f7ff3700d6
:106b10001400fa00889fbe008a9fbe008c9fbe00b2
:106b20000004be000205be00680047000a90be00d7
:106b30000890be00aa0407000070a7000bf0a10097
:106b4000304320009e02900080825200b0fe2f0051
:106b50000028e10011003d00b0fc2f000028e100fa
:106b6000150034001e0990008e0890007e009000f1
:106b70000501b0000201d1008180d3000080d30064
:106b80008502e800fbff3a000b00e000cf043b0069
:106b900060001000e0801800cc043700f0ff2f00e8
:106ba000f1ff27000b00e000c8043b0001002800b3
:106bb00000002000c50437006000b800c30437009f
:106bc0004f89de0082017800c50437004f89de005e
:106bd00082017800d20437006011b800e004370069
:106be0001400fa00889fbe008a9fbe008c9fbe00e2
:106bf0000005be000206be00680047000c90be0003
:106c00000a90be00760407006400e1001a0032001a
:106c100016003e006100e1001a0032006e04900090
:106c2000fe0490000e0b90009e0b90006011b800c7
:106c30009e0590000b38b100d501200082817100c3
:106c4000610164008703d1000683d3008984d300e7
:106c50000884d3008502e900f8ff3a0094e90700b0
:106c60000df0a70001f0a0009804370001fc2700f8
:106c700000002000faff370001f827000000200084
:106c8000f7ff37006000b800f5ff37006022b8005a
:106c9000060220000000d0008180d2000482d200d1
:106ca0008582d2000000a0000202520083825a00b6
:106cb000030031000202420083824a000000a1006a
:106cc0000603e900f3ff3a0000000600efff0700ab
:106cd0000400be0000000600020ab900001bb90053
:106ce0000200b8008100420081004300000006005d
:106cf0008c9fbe008a9fbe00889fbe00ca0107000d
:106d00000bf0a200040037008c9fbe008a9fbe00db
:106d1000889fbe00c40107000c48e1000b003a0048
:106d20000c40e100020032008b01070040003700f8
:106d30008b066d003e0032000af0a100f301200036
:106d4000f2ff2f006110b900390037000c40e1005c
:106d5000370032000940e100010036007e010700e3
:106d60008a856d00cf5dde000b0575000006eb0027
:106d70008804fd0089045400010032007d010700f1
:106d80000a04e00011003a000800e0002800320088
:106d900004004000858048000601490087814900c1
:106da0000358a300180032008301d1000281d300f0
:106db0008180d3000080d3000c86d300010039000d
:106dc000610676000804e80018003700040050004f
:106dd000858058000601590087815900060031005e
:106de0000af0a2000c06ea0060001800e08018001b
:106df00060011900e081190003003a000004eb0073
:106e00000005eb000a0037000348a30007003a0022
:106e10000c0646000000480081804800020149003d
:106e2000838149000804e900f7ff3700af0137000c
:106e3000c90137008c9fbe008a9fbe00889fbe009c
:106e4000790107000b056d000940e1000a003a00d6
:106e50000800e000020032000c40e10006003a00a9
:106e60000af0a1000c047800f3012000f2ff2f00cb
:106e70006110b9009d0037000c40e1009b0032001a
:106e80000800e000990032000c48e10002003a00de
:106e90000004eb00030037000900e00004003a00a2
:106ea0000c0478006000b8006011b8008f00370053
:106eb0000348a30006003a0000004000818048001b
:106ec00002014900838149000804e900f8ff370006
:106ed0000748a30006003a000402420085824a00e7
:106ee00006034b0087834b008904e900f8ff370055
:106ef000fd3f20008d845400090454008a1f78004f
:106f0000881f78000004780081047800020578006a
:106f1000830578006000b8006011b8000d042000ff
:106f2000050037000804440089844c000a054d0020
:106f30008b854d00080031000404540085845c00fa
:106f400006055d0087855d008381d2008d06d30034
:106f5000f4ff3b00070037000404440085844c0024
:106f600006054d0087854d008381d2008d06d30034
:106f7000ecff3b000804440089844c000a054d00e6
:106f80008b854d00080031000404540085845c00aa
:106f900006055d0087855d000281d2008d06d30065
:106fa000f4ff3b00070037000404440085844c00d4
:106fb00006054d0087854d000281d2008d06d30065
:106fc000ecff3b000804440089844c000a054d0096
:106fd0008b854d00080031000404540085845c005a
:106fe00006055d0087855d008180d2008d06d30097
:106ff000f4ff3b00070037000404440085844c0084
:1070000006054d0087854d008180d2008d06d30096
:10701000ecff3b000804440089844c000a054d0045
:107020008b854d00080031000404540085845c0009
:1070300006055d0087855d000080d2008d06d300c7
:10704000f4ff3b00070037000404440085844c0033
:1070500006054d0087854d000080d2008d06d300c7
:10706000ecff3b000b00e00004003d000404440082
:1070700085844c0006054d0087854d000006eb0019
:107080008301d1000281d3008180d3000080d3002e
:107090000c86d3008301d1000281d3008180d3000c
:1070a0000080d3000c86d300890474008b05750022
:1070b0008b84740001003200610676004f04780072
:1070c0004f0578000348a30007003a000c0646006d
:1070d0000000480081804800020149008381490086
:1070e0000804e900f7ff3700000137001a013700f4
:1070f0008c9fbe008a9fbe00889fbe00ca0007000a
:107100000b056d008a0578000c40e10008003a008c
:107110000900e00082003a000af0a1000c047800a7
:10712000f3012000f2ff2f006110b9007c0037004e
:107130000c48e10004003a00870007000900e00065
:1071400077003a00f4ff37000800e00074003200d6
:107150000900e00002003a007f00070070003700dd
:10716000ed3f20008d845400090444008a1f7800fc
:10717000881f7800871f7800861f7800851f780099
:10718000841f7800cb19dd00c515de008b857100ea
:107190004b11dd00450dde000a057100cb08dd0056
:1071a000c504de00898470004b04dd000440b80093
:1071b0000546b8008c80400060814e00044eb80047
:1071c0008c8040000d0149008001eb000318ad00e8
:1071d0000456b8000c0141008d8149000002eb000b
:1071e0000420ad000646b8000c0141008d81490025
:1071f00060024a00054eb8000c0141008d81490033
:1072000060024a000556b8008c8141000d024a0018
:107210008002eb000528ad000746b8008c814100d4
:107220000d024a00e0824a00064eb8008c814100ff
:107230000d024a00e0824a004f0678000c5eb8005a
:107240008c8141000d024a00e0824a000656b800d7
:107250000c0242008d824a000003eb000630ad00b4
:10726000074eb8000c0242008d824a0060034b00ba
:107270004f0678000c5eb8000c0242008d824a0076
:1072800060034b000756b8008c8242000d034b0090
:107290008003eb000738ad004f0678000c5eb800a5
:1072a0008c8242000d034b00e0834b004f067800b8
:1072b0000c5eb8000c0343008d834b004f04780034
:1072c0004f0578000748a3000a003a00000040007c
:1072d00081804800020149008381490004024a007c
:1072e00085824a0006034b0087834b000804e900af
:1072f000f4ff370003067800808070008280700001
:1073000001003200610676008701780006017800ee
:107310008500780004007800880478007800370041
:107320008d0037008c06460002003a000000a600df
:107330000000060060004800e0804800600149004d
:10734000e08149000350a600000006008301d1003f
:107350000804e800000006000002fd008102fd00b4
:107360000203fd008303fd008804fd008a05fd0083
:10737000000006007048e1001a0039007d0320007b
:107380000d48e1000a003900810570008306710094
:107390008c8575008d8575000006eb000cd8e70024
:1073a000610676006000b8006011b80000000600b9
:1073b0007048e1000b0039008c0578000006780069
:1073c0000100780082007800030178008001eb0062
:1073d00003d8e70061067600f0845400f4ff3a0019
:1073e000000006006160e1000c48ad00f08514006b
:1073f0008b06dd000966de000d0676008b0edd00d3
:107400000900de000d0070008b16dd008908de002b
:107410008d8070008b1edd000911de000d017100f2
:107420008919de00000006000d002800fc7f200006
:107430000d856100441cde00ef8161000c046400d6
:10744000010032000340a0008d856300c43cde00d3
:10745000ef8363008c846400010032000740a000c9
:107460000c40e10006003a00ef866100828676005b
:107470008186760080867600010032001800370091
:107480000c48e10007003a00ef866300868676002c
:10749000858676008486760002003200aeff070003
:1074a0000f0037000348a30005003a008106700072
:1074b0008286760083867600010032000804e800a8
:1074c0000748a30005003a0085067200868676000c
:1074d00087867600010032008904e800000006007b
:1074e000cf047800cf0578001b0037000002780039
:1074f0008102780002037800830378008804780012
:107500000cf0a70087ff0700fd7f20000d40e10081
:10751000040035000d0478006000b8006011b80068
:107520000d0037000800e0000b003c00040078006c
:10753000850078000601780087017800e184140056
:107540008cff07000cf0a70076ff07000004eb009b
:107550000340a7000804e8004444dd006fc5610053
:10756000880175004f04be004f05be004f06be00e7
:10757000000006000383680007002800070363007b
:10758000470ade000480a100c71ade000580a100c2
:10759000f70f20000720e100420032000728e10039
:1075a00040003200889fbe008a9fbe008c1f78007a
:1075b000f107b200f307b2000400e00064003200fb
:1075c0000170a0000500e000680032000370a00018
:1075d00085054200eb07b1000204b8000302b800c1
:1075e0008484440060854a00020ab8008484440010
:1075f0000a854a00030ab800040545000400330068
:107600000804d0008984d2000a85d2008b05e900e5
:107610006158e1003d0035000210200009016100c1
:107620000308200089816100f70720008783640038
:1076300008867300c84cde00c853dd0087847400e0
:107640004855de000300e0000600320082037600a9
:10765000040032008904e80060054d000a88a30098
:107660000c003a00f70f20000758e10044003d00ed
:107670000a70a100c75ddd000a8575008a007300ed
:10768000090078004f0678004f05be004f04be0089
:10769000000006000a05d1008984d3008b05e800ac
:1076a000f0ff3700881f78000604780028e60700fe
:1076b000070278000001fd008101fd0024e60700bb
:1076c00087027800850372000778a3000500320066
:1076d0000001fd008101fd0037e607004f0478003e
:1076e00000000600850372000748a3000300320073
:1076f000f0ff2f00f1ff2700f8ff37000000200007
:1077000001f8270088807000f4ff370088017800b6
:107710004848dd00808171004848de00c850dd0027
:1077200001007000c850de00060478000b017800ec
:10773000dde5070088807000d2ff37000500e0001b
:107740000500320017002000100007009dff3700e1
:1077500081037000f9ff3a00860078004f06780038
:107760004f05be004f04be000000050083037100fa
:10777000f9ff3200270020000400070094ff3700c3
:1077800001f8270086807000f4ff3700889fbe0054
:107790000004eb006138e10016003a000100e0004f
:1077a00008003a00c800de004800dd008800200024
:1077b0000100e00003003a00c800de004800dd00e0
:1077c000680444008184cf00e9845400060034003a
:1077d0008908dd00f08314008703de0087807000d5
:1077e0000900dd0009044400610214004f04be00da
:1077f000000006000300e00008003a00c811de00a7
:107800004811dd00880020000300e00003003a007a
:10781000c811de004811dd00680444008384cf00f5
:10782000e9845400060034008919dd00f083140057
:107830008713de00878171000911dd00090444000f
:10784000e1021400e9ff3700889fbe008a9fbe0056
:1078500030044200b0844a0030054b0090854b0054
:107860006000b1000898be000a90be000440e1002c
:1078700005c8e10006d0e10007d8e10002003100b0
:10788000680040001008e8004f05be004f04be002d
:1078900000000600889fbe008a9fbe003004be0024
:1078a0002005be000418540005985c0006185d0011
:1078b00007985d00110020000440e10005c8e100c8
:1078c00006d0e10007d8e100010039008000eb009c
:1078d000108810004f05be004f04be0000000600d7
:1078e0001200fa00889fbe008a9fbe008c9fbe00d7
:1078f000e0b79f00f1b79f0082bf9f0093bf9f003a
:107900000605be000404be000000eb00d0b79f00d7
:10791000c0b79f00b0b79f00a0b79f0090b79f006f
:10792000000678005fb19700cfb097008201410058
:107930003fb097000200e00004003d003700070060
:107940007e805700c0ff07000300370033000700a8
:107950007e805700cfff0700dfb697000d00e000e4
:107960000c0035006fb29700ffb297000fbb970075
:107970009fbb970010002000010020006011b8009c
:10798000000272008182720002037300838373001d
:107990001b0007000c06e80001042000810f5600c0
:1079a000e0ff3a000d00e00004003d000802be00c8
:1079b0000a03be007e805700a3ff07005fa8970060
:1079c0000000e00005003a001fb29700afb2970038
:1079d0003fb39700cfb39700090007006fb097003f
:1079e000ffb097000fb997009fb997004f06be00f0
:1079f0004f05be004f04be000080fa0000000600e4
:107a00000100070000000600a4b79f00b5b79f0063
:107a1000c6b79f00d7b79f00000006004f09de00e1
:107a200082817100b3b79f004f01de00818040006a
:107a300082807000a1b79f008fb097004f09de00d1
:107a4000000040000200700090b79f007fa89700e0
:107a50004f01de00818040008280700081b79f006e
:107a60000d0007004f3ade000000400004007000e7
:107a7000f0af9f00080007000402420085824a0020
:107a800006034b0087834b00dfff07000802be00a0
:107a90000a03be00000006002fb29700bfb2970095
:107aa0004fb39700dfb3970000000600881f7800ef
:107ab00018002000881f780089ff07008f87e900e1
:107ac0004f04780000000600801feb0084ff0700d1
:107ad0008f87e90000000600889fbe008a9fbe00d5
:107ae000e00f5000e08f5800e00f5900e08f590080
:107af0000c003d006044b8006055b8000000540020
:107b000081805c0002015d0083815d00180020001f
:107b10001500070008003d00180007000004eb00f6
:107b2000050037000004eb000f00070002003d00d5
:107b30001200070018002000dcff07000800e0002a
:107b4000060032006022b8006033b8000000520026
:107b500081805a0002015b0083815b004f05be00fb
:107b60004f04be0000000600e00f5200e08f5a00f4
:107b7000e00f5b00e08f5b00000006006044b8008f
:107b80006055b8000402540085825c0006035d0065
:107b900087835d0000000600889fbe008a9fbe00ac
:107ba0008c1f7800e00f5000e08f5800e00f590064
:107bb000e08f59000d003d006044b8006055b800ea
:107bc0000000540081805c0002015d0083815d0043
:107bd0001c0020000820e10009a8e1000ab0e10033
:107be0000bb8e1000d003d00080037000006eb0077
:107bf000e00f5200e08f5a00e00f5b00e08f5b0067
:107c000006003d006044b8006055b800040254000e
:107c100085825c0006035d0087835d00aaff070084
:107c20000c00e000060032006022b8006033b800ab
:107c30000000520081805a0002015b0083815b00da
:107c40004f0678004f05be004f04be00000006003e
:107c5000889fbe008a9fbe008c1f78000006eb0044
:107c6000e00f5000e08f5800e00f5900e08f5900fe
:107c700007003d006044b8006055b80000005400a3
:107c800081805c0002015d0083815d001c0020009a
:107c9000e00f5200e08f5a00e00f5b00e08f5b00c6
:107ca00007003d006044b8006055b800040254006d
:107cb00085825c0006035d0087835d000c00a200e6
:107cc000d20007000c00e000060032006022b8007d
:107cd0006033b8000000520081805a0002015b004e
:107ce00083815b004f0678004f05be004f04be0045
:107cf00000000600889fbe008a9fbe008c9fbe00c9
:107d00000404be000605be00809fbe00829fbe0028
:107d100021000700040678000800be000a01be002a
:107d20001d000700840678004f03be004f02be000e
:107d30008d4f76007fb0970013003300f0ff2f00c7
:107d40008b8f6b0006003b000d0666000c00a70041
:107d50000a00370007f0a600100020000a003700d4
:107d6000880f5200898f5a008a0f5b008b8f5b004f
:107d7000030039001000200001003e000000200038
:107d800007f0a7000000ea004f06be004f05be0046
:107d90004f04be000000060005ff270005826100b9
:107da000070032000428e100010032002400050031
:107db0000600070001003a00440005000408050021
:107dc00002000700f9ff3a00140005006f8261000d
:107dd00081027000850271008502720000000600b9
:107de000800078005002be005003be004439de001f
:107df000f700b200f37f20000301610009003200a8
:107e00000218e10016003a00850172008301730038
:107e1000838173000008200015003a004000200014
:107e200013003700850172008301730083817300a2
:107e300005003a0004a8be0006a8be0010002000fd
:107e40000b0037000201e9000402420085824a006b
:107e500006034b0087834b000748a300f9ff32005d
:107e60000740a00004a8be0006a8be002000200015
:107e70008000980092009800000006006804470007
:107e80000294be000094be00fc0447008694be002d
:107e90008494be0009007800d1ff07000800780034
:107ea000cfff070099007800814f70000b003b0066
:107eb0000800be00a30007004f00b1000300370018
:107ec000f3ff2700f2ff2f006110b9004f06be003c
:107ed0004f05be004f04be000080fa0000000600ff
:107ee000881f7800030478000300e00007003d00cd
:107ef00060001000e080180060011900e0811900a6
:107f000002003b0001f02d000300370014000700c1
:107f100008f0a70003f0a0004f047800000006005e
:107f2000881f7800030478000300e00007003d008c
:107f300060001000e080180060011900e081190065
:107f400002003b0001f02d0003003700a9e4070008
:107f500008f0a70001f0a0004f0478000000060020
:107f6000889fbe00008270000402710004827100cc
:107f70002400320036432000c50020008383cf0058
:107f80000a0039000541b1008283cf0007003900a3
:107f90000541b1008183cf00040039000541b100e3
:107fa0008083cf00010039000541b10085c3530033
:107fb0006022b800120032000a003b008482720086
:107fc000610260008301d1000281d3008180d3006f
:107fd0000080d3000603e8008743e800f7ff3a007b
:107fe000070037000000400081804800020149007e
:107ff000838149000603e9008743e900f9ff3a005d
:10800000240007004f04be0000000600889fbe0049
:108010008a9fbe008c9fbe000404b8000506b8000d
:108020008904460060854e000606b8000a05460031
:10803000e0854e000706b8008b054600040eb80028
:10804000890446000a854e00e0854d00050eb80003
:108050000a0546008b854e00060eb8008b054600cb
:108060000416b8000a0546008b854e000516b800b8
:108070008b054600041eb8008b0546000800be00b4
:108080000a01be004f06be004f05be004f04be00f1
:1080900000000600180020005700200008045300cc
:1080a0000d003d000600200097fc2f000740e10076
:1080b0001e00340084827200610260008301d100de
:1080c0000281d3008180d3000080d3000804e8003f
:1080d000f8ff3a00470020006104600005047400c6
:1080e000040464000d00320061004000e08048009c
:1080f00060014900e081490003b8a5000700320093
:108100000603e8006538e10004003a008301d1006d
:108110000281d3008180d3000080d300f87f20004b
:108120000830e10003003500080378006000b80063
:108130006011b8004433dd00f300b2008301730026
:1081400000000600e48240001078a300070032001f
:10815000640240001178a3003400be001401be0088
:10816000040032000330a700000006003500be0006
:108170001501be000330a00000000600889fbe006d
:108180008a9fbe000004be000205be006000b80069
:1081900002002000030028000002620081826200c9
:1081a0000203630083836300f0ff2f00f1ff2f00c1
:1081b000f2ff2f00f3ff27000000640081806400bd
:1081c00002016500838165000000720081807200f9
:1081d00002017300838173004f05be004f04be008f
:1081e00000000600f4ff2f00f5ff2f00f6ff2f0020
:1081f000f7ff27000402600085826000060361002b
:10820000878361000400be000601be000000060076
:108210001800fa00889fbe008a9fbe008c1f78005d
:108220000004be000205be000802be000a03be0034
:10823000443ade00f07f2000000662002043200068
:10824000800f560067003c006022b8006033b80021
:108250000800be00f1f907000000e00061003200f4
:108260000802be000a03be00b4b79f00c5b79f0056
:10827000d6b79f00e7b79f00e00f5200e08f5a008b
:10828000e00f5b00e08f5b000b003d006022b80058
:1082900006002000073324000800be000a01be00cb
:1082a00093fa07006022b80006002000073324007c
:1082b00095fa07000a0037006022b8000600200087
:1082c000073324000800be000a01be008efa070032
:1082d0006022b800060020000733240084fa07005b
:1082e0000802be000a03be0081fa07000002be00b9
:1082f0000203be00f4b79f0085bf9f0096bf9f009a
:10830000a7bf9f00e03f2000800f560017003c00f1
:108310007fb097008fb897001fb99700afb997004b
:10832000f0af9f0081b79f0092b79f00a3b79f0057
:108330006044b8006055b8003fb29700cfb29700d4
:108340005fb39700efb39700e00f5200e08f5a0041
:10835000e00f5b00e08f5b0022003d006044b8004e
:108360000a0020000bff2b001e0037006022b8001f
:108370006033b8007fb097008fb897001fb997009f
:10838000afb99700aaf907000000e0000c00340024
:108390007fb297008fba97001fbb9700afbb9700c3
:1083a0000800be000a01be0057fa07006022b800ac
:1083b0000600200007ff23004dfa070007003700e2
:1083c0007fb297008fba97001fbb9700afbb970093
:1083d0000800be000a01be004bfa07000004be0000
:1083e0000205be000800be000a01be004f0678006c
:1083f0004f05be004f04be000080fa0000000600da
:10840000000006002f03b000889fbe008a9fbe00b8
:108410008c9fbe008e1f78000004be000205be00c7
:108420000400be000601be00d0b79f00e1b79f0068
:10843000f2b79f0083bf9f000203be000002be0090
:10844000d4af9f00e5af9f00f6af9f0087b79f00b6
:108450000400420085804a0006014b0087814b00e2
:10846000d0a79f00e1a79f00f2a79f0083af9f00c6
:10847000e00f5000e08f5800e00f5900e08f5900e6
:10848000310032005fb09700efb097007fb19700e6
:108490008fb99700daff07000203be000002be009a
:1084a00090af9f00a1af9f00b2af9f00c3af9f00ee
:1084b000f0ff2f00f1ff2f00f2ff2f00f3ff270046
:1084c0000002620081826200020363008383630012
:1084d00094a79f00a5a79f00b6a79f00c7a79f00ce
:1084e0006000b8000200200003ff27000020e10028
:1084f00001a8e10002b0e10003b8e10012003e0073
:108500000800be000a01be0090af9f00a1af9f000f
:10851000b2af9f00c3af9f004418de006011b800e7
:108520008000eb0090a79f00a1a79f00b2a79f002b
:10853000c3a79f00f07f20009fa2970000866200e3
:10854000800f56000b003a005fb29700efb2970021
:108550007fb397008fbb97000800be000a01be00e2
:10856000e3fa07000002be000203be0031fa070072
:108570001b0037001fa89700afa897003fa99700de
:10858000cfa9970000004000818048000201490007
:108590008381490090a79f00a1a79f00b2a79f00d9
:1085a000c3a79f005fa29700efa297007fa3970049
:1085b0008fab97000400e1000588e1000690e10020
:1085c0000798e10009003e001c013a006022b80053
:1085d0006033b8000800be000a01be00c4fa0700fc
:1085e0000004be000205be00140137000c00e000cc
:1085f00023003a001fa89700afa897003fa9970053
:10860000cfa99700c50020000000d0008180d200d3
:108610000281d2008381d2008502e900faff3a008c
:10862000050037000c06e90000004000818048008a
:108630000201490083814900e00f5000e08f58009b
:10864000e00f5900e08f5900f6ff3d006100160071
:108650001faa9700afaa97003fab9700cfab970038
:108660000000e900050033000402d0008582d2003a
:108670000683d2008783d200f9ff37001b00370042
:10868000f4ff2f00f5ff2f00f6ff2f00f70020006a
:108690001fa89700afa897003fa99700cfa9970000
:1086a0000400600085806000060161008781610030
:1086b000d0a79f00e1a79f00f2a79f0083af9f0074
:1086c0006000b80002002000030120005fa29700b4
:1086d000efa297007fa397008fab97000002720074
:1086e00081827200020373008383730094a79f004a
:1086f000a5a79f00b6a79f00c7a79f005faa9700e6
:10870000efaa97007fab97008fb39700443ade0043
:10871000fd7f20008d0662002f003a005faa9700bf
:10872000efaa97007fab97008fb39700ce00200091
:108730000402d0008582d2000683d2008783d20053
:108740000e07e900faff3a001fa09700afa09700bc
:108750003fa19700cfa19700050037008d06e900e3
:108760000402420085824a0006034b0087834b00c7
:10877000e00f5200e08f5a00e00f5b00e08f5b00db
:10878000f6ff3d000203be000002be006187160036
:108790005fa89700efa897007fa997008fb1970077
:1087a0000e07e900050033000000d0008180d200f0
:1087b0000281d2008381d200f9ff3700d0af9f0041
:1087c000e1af9f00f2af9f0083b79f000400be009f
:1087d0000601be001b0037005fa89700efa89700b6
:1087e0007fa997008fb19700f4ff2f00f5ff2f00ae
:1087f000f6ff2f00f7002000040060008580600075
:1088000006016100878161006022b8000600200037
:1088100007012000040070008580700006017100cf
:1088200087817100d0af9f00e1af9f00f2af9f0042
:1088300083b79f001fa09700afa097003fa19700ac
:10884000cfa197000802be000a03be00d4a79f0074
:10885000e5a79f00f6a79f0087af9f001200370093
:10886000e00f5200e08f5a00e00f5b00e08f5b00ea
:108870000800350005003a005fa49700efa49700b8
:108880007fa597008fad970050ff37000400be0012
:108890000601be000000400081804800020149003e
:1088a000838149000c06e9005fac9700efac9700ac
:1088b0007fad97008fb5970008025000898258005d
:1088c0000a0359008b8359008d0f5600e4ff3c00ca
:1088d00090a79f00a1a79f00b2a79f00c3a79f00da
:1088e0005fa49700efa497007fa597008fad970036
:1088f000e00f5200e08f5a00e00f5b00e08f5b005a
:1089000008003d00120037000400be000601be0052
:1089100094a79f00a5a79f00b6a79f00c7a79f0089
:108920000b003700e00f5200e08f5a00e00f5b00b1
:10893000e08f5b00f4ff3a0024ff370000004000a6
:108940008180480002014900838149000c06e9004a
:108950000203be000002be00443ade006033b800ed
:108960008002eb00e00f5200e08f5a00e00f5b0046
:10897000e08f5b00f1ff320090a79f00a1a79f004e
:10898000b2a79f00c3a79f000c00e00011003400b5
:108990006022b8000600200007ff2f0004024000fc
:1089a0008582480006034900878349006164b90055
:1089b000614db900c445dd000005eb006044b8001e
:1089c00004007400858074000601750087817500bd
:1089d0000c003700610616001fa09700afa097009b
:1089e0003fa19700cfa197000c06e90005003300d6
:1089f0008301d1000281d3008180d3000080d300a5
:108a0000f9ff37001fac9700afac97003fad970060
:108a1000cfad97004f5cde00cfc4de00614db900e2
:108a2000cf45dd000005eb006044b800080470008d
:108a3000898470000a0571008b8571000800be00f2
:108a40000a01be004f0778004f06be004f05be006a
:108a50004f04be002f03b10000000600889fbe0037
:108a600002047800f9072000890f54000d0034003b
:108a70000200200003f02700befa0700f807b1004b
:108a8000890f5400170034000200200003f0270073
:108a9000b8fa0700f807b100890f540010003c0035
:108aa0001000370029f82f00890f54000d003d00f9
:108ab0000200200003c82000aefa07006806b000dc
:108ac000890f540007003d000200200003c8200069
:108ad000a8fa07006806b000890f540001003d00a5
:108ae00009047800f207200008014100cf91de0060
:108af000c711dd00020020009efa07004f04be00ef
:108b000000000600889fbe0004047800f93f2000a2
:108b1000890f54000f0034006022b80006002000c6
:108b200007fe270072f90700f83fb100890f5400d3
:108b30001a0034006022b8000600200007fe27005b
:108b40006bf90700f83fb100890f540012003c0098
:108b50001200370029c02f00890f54000f003d007c
:108b60006022b800060020000736200060f90700e8
:108b7000983cb000890f540008003d006022b80006
:108b8000060020000736200059f90700983cb00085
:108b9000890f540001003d0009047800f43f2000d3
:108ba00008024200cfa2de00612bb900c423dd0021
:108bb0000003eb006022b8004df907004f04be002f
:048bc00000000600ab
:020000040000fa
:04009400dc0200008a
:020000040000fa
:0400ec000403000009
:020000040000fa
:0400f0002a030000df
:020000040000fa
:020000040001f9
:0457fc003e3f00002c
:020000040000fa
:020000040001f9
:0457f8009f79000095
:020000040000fa
:108bc400424f00004f5400000931000000530000e0
:108bd40045510000093100002d6300006667000064
:108be4000053000045510000093200002d610000cf
:108bf4006272000065340000303000000053000051
:108c040045510000093300002d6300006965000030
:108c14007272000061340000303000000053000024
:108c240045510000093400002d610000627200000b
:108c34006532000030300000005300004551000050
:108c4400093500002d6300006965000072720000a0
:108c54006132000030300000005300004551000034
:108c6400093600002d660000696e0000004800000f
:108c74004f4d00004509000031000000264c000063
:0c8c84001e4c00002e4c00000a4c0000aa
:020000040000fa
:108c90001600fa00200f9800640f47000000eb0058
:108ca00010079800090037002e0890001000780087
:108cb000000001009e007800804878001e0fe80048
:108cc0001e0090000000e800100798001e009000b1
:108cd000ef0f500005003c002e089000100090009f
:108ce000000001000000e000efff3a001e007800e5
:108cf0008040eb00014878006400470092e10700e3
:108d00000080fa00000006001600fa00200f98000c
:108d1000640f47000000eb001007980009003700bf
:108d20002e08900010007800000001009e007800de
:108d3000804878001e0fe8001e0090000000e80048
:108d4000100798001e009000ef0f500005003c0037
:108d50002e08900010009000000001000000e000cc
:108d6000efff3a001e0078008040eb0001487800d9
:108d70004e4090000080fa00000006001600fa0045
:108d8000200f9800640f47000000eb0010079800c8
:108d9000090037002e089000100078000000010044
:108da0009e007800804878001e0fe8001e009000aa
:108db0000000e800100798001e009000ef0f500020
:108dc00005003c002e0890001000900000000100fb
:108dd0000000e000efff3a001e0078008040eb004a
:108de000014878006400470063e107000040780014
:108df0000080fa00000006001600fa00200f98001c
:108e0000640f47000000eb001007980009003700ce
:108e10002e08900010007800000001009e007800ed
:108e2000804878001e0fe8001e0090000000e80057
:108e3000100798001e009000ef0f500005003c0046
:108e40002e08900010009000000001000000e000db
:108e5000efff3a001e0078008040eb0001487800e8
:108e60006400470044e107000080fa0000000600ab
:108e70001600fa00200f9800640f47000000eb0076
:108e800010079800090037002e08900010007800a5
:108e9000000001009e007800804878001e0fe80066
:108ea0001e0090000000e800100798001e009000cf
:108eb000ef0f500005003c002e08900010009000bd
:108ec000000001000000e000efff3a001e00780003
:108ed0008040eb00014878006400470056e107003d
:108ee0000080fa00000006001600fa00200f98002b
:108ef000640f47000000eb001007980009003700de
:108f00002e08900010007800000001009e007800fc
:108f1000804878001e0fe8001e0090000000e80066
:108f2000100798001e009000ef0f500005003c0055
:108f30002e08900010009000000001000000e000ea
:108f4000efff3a001e0078008040eb0001487800f7
:108f5000640047006ce107000080fa000000060092
:108f60001600fa00200f9800640f47000000eb0085
:108f700010079800090037002e08900010007800b4
:108f8000000001009e007800804878001e0fe80075
:108f90001e0090000000e800100798001e009000de
:108fa000ef0f500005003c002e08900010009000cc
:108fb000000001000000e000efff3a001e00780012
:108fc0008040eb000148780064004700eae00700b9
:108fd000004078000080fa00000006001600fa0049
:108fe000200f9800640f47000000eb001007980066
:108ff000090037002e0890001000780000000100e2
:109000009e007800804878001e0fe8001e00900047
:109010000000e800100798001e009000ef0f5000bd
:1090200005003c002e089000100090000000010098
:109030000000e000efff3a001e0078008040eb00e7
:109040000148780064004700cbe007000080fa0088
:10905000000006001600fa00200f9800640f470079
:109060000000eb0010079800090037002e08900060
:1090700010007800000001009e0078008048780011
:109080001e0fe8001e0090000000e8001007980086
:109090001e009000ef0f500005003c002e089000cd
:1090a00010009000000001000000e000efff3a0017
:1090b0001e0078008040eb00014878006400470003
:1090c000dde007000080fa00000006001600fa004c
:1090d000200f9800640f47000000eb001007980075
:1090e000090037002e0890001000780000000100f1
:1090f0009e007800804878001e0fe8001e00900057
:109100000000e800100798001e009000ef0f5000cc
:1091100005003c002e0890001000900000000100a7
:109120000000e000efff3a001e0078008040eb00f6
:109130000148780064004700f3e007000080fa006f
:10914000000006000a00fa00200798003107980086
:1091500042079800be009000010f78000000eb006d
:1091600010079800090037002e00900010007800ca
:10917000000001009e007800804878001e0fe80083
:109180001e0090000000e800100798009e0090006c
:109190004e009000808f500005003d002e00900092
:1091a00010009000000001000000e000eeff3a0017
:1091b0001e0078008040eb00014878000080fa0033
:1091c000000006005e00fa00881f7800402f98001b
:1091d000512f9800622f9800de289000010f780030
:1091e0000e017800e202b000040009000019eb0053
:1091f0000000eb0020079800770137001e00780080
:109200009040780050c2b30080cf50002c013a004b
:109210000000eb00200798000001200030079800b4
:10922000e00220000e004000a20020008000eb00c1
:10923000e7e007000000eb00100798000801370086
:109240001e00780090407800e20220000e014100ec
:109250001e00900000004100014878001e007800c8
:10926000104078000000fb0061062000810f5000d4
:10927000d400320061062000810f500007003c003e
:1092800031062000810f50000e0032004106200000
:10929000810f500075003200ed003700c10620003c
:1092a000810f50001300320051072000810f500041
:1092b0001800320081062000810f5000110032009a
:1092c000e300370010002000200798006e2890006f
:1092d0000080e900602f98006e2890001000780050
:1092e00000407800007f98000040eb00107f98005d
:1092f000d70037003e009000000040003007980083
:10930000d30037003e0090000000d10030079800e5
:10931000cf00370010002000200798001e009000aa
:109320000000e800000047008040eb006168980002
:109330003e009000f00f50000c003200f00f500083
:1093400003003e00e80f500008003200c000370064
:1093500001022000810f500015003200010420009e
:10936000810f500026003200b90037006e289000af
:109370000080e900602f98006e289000900178002e
:1093800063079800800320000e0040006e029000ea
:10939000841f7800e10220008e804000811f780049
:1093a00001022000eee00700e48757002e0037009e
:1093b0006e28900064005000602f98006e28900086
:1093c0001003be0076079800070f98008203200064
:1093d0000e0141007e0090008e089000809fbe002c
:1093e000e00220000e004000801f780001022000f3
:1093f00002007800dae00700e68757001a0037001d
:109400006e28900068005000602f98006e28900031
:109410003002be002003be00140f9800250f9800f4
:10942000360f9800470f9800840320000e02420078
:109430001e089000ae0890003e099000ce099000f2
:10944000809fbe00829fbe00e00220000e00400010
:10945000801f78000102200004007800c0e00700af
:10946000ea87570000000000790037001000200054
:10947000200798001e0090000000e8000000470050
:109480008040eb00616898003e009000f00f5000b3
:109490000c003200f00f500003003e00e80f5000b7
:1094a000080032006a00370001022000810f5000de
:1094b0001500320001042000810f50002600320008
:1094c000630037006e2890000080e900602f98004c
:1094d0006e28900090027800550f980080032000bd
:1094e0000e0040005e0b9000861f7800e102200015
:1094f0008e804000811f78000102200098e0070064
:10950000e48757002e0037006e289000640050005a
:10951000602f98006e2890001001be00620f980026
:10952000730f9800820320000e0141006e08900026
:10953000fe089000809fbe00e00220000e00400068
:10954000801f7800010220000200780084e00700fc
:10955000e68757001a0037006e2890006800500018
:10956000602f98006e2890003002be002003be00dd
:1095700004179800151798002617980037179800b9
:10958000840320000e0242000e1090009e109000f6
:109590002e119000be119000809fbe00829fbe00e1
:1095a000e00220000e004000801f78000102200031
:1095b000040078006ae00700ea8757000000000016
:1095c0002300370010002000200798001e009000a4
:1095d0000000e800000047008040eb006168980050
:1095e0003e009000f00f5000030032000102200006
:1095f000810f500015003a006e2890006400500062
:10960000602f98006e2890001003be004617980047
:1096100057179800820320000e0141004e10900061
:10962000de109000809fbe00e00220000e0040008f
:10963000801f7800010220000200780048e0070047
:10964000e68757000000000001003700000000001e
:109650001e0fe8001e0090000000e80010079800b0
:109660001e009000e80f500003003e002e00900006
:109670000000e000f2fe3200800320000e004000f7
:1096800040079800080037004e28900090007800ae
:109690004e00900010407800010001004e00900044
:1096a0000000e800400798004e009000104078004d
:1096b0000004e000f4ff3a001e0fe9004500370007
:1096c0001e0078009040780040c2b30080cf500068
:1096d0003b003a001e0fe8001e00780010407800a2
:1096e0000004e000410032001e00780010407800c5
:1096f0000000fb0021072000810f500017003200fe
:1097000031072000810f500027003a006e2890009a
:109710000080e900602f98006e2890009003780088
:1097200057079800080037004e28900090007800f6
:109730005e009000104078005e0190000201e80099
:1097400052079800010001005e0090001040780070
:109750000004e000f4ff3a001e0037006e2890007d
:109760000080e900602f98006e289000900078003b
:1097700061179800060037004e289000100478000a
:109780006e10900010007800000001000800010039
:109790006e10900010009000000001000000e0003a
:1097a000f5ff3a000b0037004e289000900078003b
:1097b0001e0078001040780001000100050037000d
:1097c0004e289000900078001e007800104078002d
:1097d000010001001e0fe8001e0078001040780014
:1097e0000004e00085fe3a000100370000000000a0
:1097f0004f0478000080fa00000006000000fa0024
:10980000d1c4b30000192000770307000080fa00dc
:10981000000006000000fa0091648000806480006f
:1098200080805000f01f2000008060000120200098
:10983000008050000080fa00000006000000fa00de
:10984000e06380000080fa00000006000000fa00db
:109850007f0007000080fa00000006000200fa0006
:10986000004f78001e407800610007000080fa0079
:10987000000006000000fa00970307000004e00063
:1098800007003a0000c9200010030700e0cfb30032
:1098900028e8b70010c0b30026e8b700b2030700fd
:1098a0000080fa00000006000000fa000000eb0053
:1098b000a06388000000eb00b06388000000eb00ac
:1098c000c06388000000eb00d06388000000eb005c
:1098d000e06388000000eb00f06388000000eb000c
:1098e000006488000000eb00106488000000eb00ba
:1098f000206488000080fa00000006000000fa00e2
:109900000000eb00806488000000eb009064880099
:109910000000eb00a06488000000eb00b064880049
:109920000000eb00c06488000000eb00d0648800f9
:109930000000eb00e06488000000eb00f0648800a9
:109940000000eb00006588000080fa0000000600bf
:109950000000fa000000eb00006588000080fa00bb
:10996000000006000000fa00a064800090648800f7
:10997000d0648000c06488000080fa000000060007
:109980000200fa00004f78001e4078000004e0005a
:1099900006003a00d06380000000e00003003200bf
:1099a00040c72000560007000f00370041648000c8
:1099b000a0638000008040009e407800014878004d
:1099c000a06380000000e800a0638800d0638000ee
:1099d0000000e800d0638800a1638000606480001c
:1099e00000806000a06388000080fa00000006008c
:1099f0000200fa00004f780021658000806480003a
:109a0000008040009e40780001487800806480001b
:109a10000000e80080648800b06480000000e80076
:109a2000b064880081648000406580000080600030
:109a3000806488001e4078000004e00002003a00c4
:109a400000c92000800207000080fa000000060024
:109a50000200fa0041648000b06380000080400092
:109a6000104f7800b06380000000e800b063880009
:109a7000e06380000000e900e0638800b1638000db
:109a80006064800000806000b06388001e40780041
:109a90000080fa00000006000200fa002165800044
:109aa0009064800000804000104f78009064800037
:109ab0000000e80090648800c06480000000e900b5
:109ac000c064880091648000406580000080600070
:109ad000906488001e4078000080fa0000000600b4
:109ae0000000fa0001003700ebff0700c0648000af
:109af0000000e000fcff3a000080fa0000000600d1
:109b00000200fa00000f78001e0078009008900014
:109b10001e007800600090000000400000804000bf
:109b20009e007800b1009000010878001e007800c7
:109b3000600090008000e8001e007800610098003e
:109b40001e007800000890008000e8001e007800e9
:109b5000010898001e0078008000eb00310098009a
:109b60001e007800e00090001e0078005008900071
:109b7000808060001e007800610098000080fa007c
:109b8000000006000200fa00000f78001e007800b6
:109b9000900890001e0078007000900000004000c7
:109ba00000804000900078001e007800410098007e
:109bb0001e007800900090001e00780021009800a0
:109bc0001e007800c00090001e0078005100980030
:109bd0001e007800700090008000e8001e007800f1
:109be000710098001e007800000890008000e900d5
:109bf0001e007800010898001e007800f000900018
:109c00001e00780050089000808060001e007800e0
:109c1000710098000080fa00000006000200fa00bf
:109c2000bf0207000004e0001a0032000040eb0011
:109c3000e5020700004f7800bf0207000004e000c3
:109c400003003a0020c0b30027e8b7001100370036
:109c500027c8bf00e24f500009003a0030c8bf00db
:109c60009e40780080cf50000300320030c0b30027
:109c700027e8b700070037002768ef000500370026
:109c800027c8bf00e34f500002003a001e40780092
:109c90003bff07000080fa00000006000200fa0007
:109ca000930207000004e000040032008202070073
:109cb0002668ef002bff07002e00370092020700f6
:109cc0000004e000020032002668ef00290037009f
:109cd000810207000004e0002600320026c8bf0011
:109ce000e14f50001c003a0028c8bf00e24f40007e
:109cf00006003a000040eb00ad02070028c8bf0094
:109d00000040e80028e8b7001a00370028c8bf0064
:109d1000e14f400006003a0030c8bf00a40207002f
:109d200028c8bf000040e80028e8b700110037004d
:109d300059ff0700004f78001e4078000004e00043
:109d400002003a0020c0b30026e8b7001e407800a9
:109d5000970207000700370026c8bf00e24f5000f7
:109d600004003a002668ef0010c0b30029e8b700ed
:109d7000860207000080fa00000006000000fa00da
:109d8000c962a900c942a900c9a2a900c982a90043
:109d9000c9e2a900c9c2a800cb62a900cb42a900b0
:109da000cba2a900cb82a900cbe2a8000028ef003b
:109db0000228ef000428ef005000200001002000de
:109dc00090408800a14088000080fa000000060052
:109dd0000200fa00004f78001e4178000181200047
:109de000824878001e80fb00e20f50000d00320018
:109df000e20f500003003c00e10f5000060032006b
:109e000011003700e40f500009003200e80f500045
:109e10000a0032000c003700cba2a900cb82a900b7
:109e200009003700cba2a800cb82a90006003700aa
:109e3000cba2a900cb82a80003003700cba2a800c8
:109e4000cb82a8000000000010c8bf008080fb008b
:109e5000800c20000088b90000007800cf80de0070
:109e600060408800714088000080fa000000060011
:109e70000200fa00000f78001e0078000000e000e9
:109e800002003a0010002000000f7800401f200060
:109e90009e007800808f500002003600401f200096
:109ea000000f78001e00780000004000813e200076
:109eb00000017800110009008280d8008000eb00ca
:109ec00090408800a140880090408000a140800020
:109ed000e00f5000e08f580004003a00100020000e
:109ee0000100200090408800a14088000080fa0016
:109ef000000006000400fa00004f780011079800e7
:109f00001e407800e24f500010003a0051168000c9
:109f1000004020000080600000f0a7000000ea0080
:109f20000000e9004f00de00004078000080fb00e8
:109f3000610060004a00dd005116800001a0a10010
:109f400001007000501688000b0037001e80fb00d7
:109f50000000ea004f00de00004078000080fb00b7
:109f6000610060004a00dd005116800001a0a100e0
:109f700001007000501688009e009000214088006b
:109f80000080fa00000006000200fa00004f78008e
:109f90001e80fb00e10f500006003200e20f50006f
:109fa000060032000000e0000f003a00cbe2a800fb
:109fb0000d003700cbe2a9000b00370050168000df
:109fc0000080ea004f00de00004078000080fb00c7
:109fd0004f00dd005116800001f0a100010070006b
:109fe00050168800000000000080fa000000060003
:109ff0000200fa00004f78001e417800a180200086
:10a00000824878001e80fb000000ea004f00de005e
:10a010000040780016e8b7001e80fb000000ea0050
:10a020004f00de00004078000080fb00610060000f
:10a030004a00dd005116800001a0a100010070005f
:10a04000501688000080eb00204088000080fa0055
:10a05000000006000400fa00008fbe0016c8bf0012
:10a06000e24f50000300320016c8bf00e34f50001b
:10a0700025003a0060408000714080001e01be0053
:10a08000800f5100818f590003003600624080002c
:10a0900073408000028fbe000040800011408000ad
:10a0a0001e01be00800f5100818f5900080036004c
:10a0b000cb42a8001e0178000040800011408000c3
:10a0c0000000780000005100204088000f00370099
:10a0d00000408000114080001e01be00800f510032
:10a0e000818f590009003100cb42a9000040800057
:10a0f00011408000800078001e0078000080500031
:10a100002040880001003700000000000080fa00b5
:10a11000000006000600fa00501680004e00de0027
:10a1200061406000004f78001e4078000004e000ad
:10a1300014003a0017c8bf00e14f500011003a0068
:10a1400016c8bf000004e0000300320016c8bf00bc
:10a15000e14f50000a003a000428ef000028ef0009
:10a160000228ef000ac8bf000004e000020032002d
:10a1700030c0b3000100370020c0b30016e8b700bc
:10a18000e80207001e4178007181200082487800b3
:10a19000204080000000e000490032004f0307002b
:10a1a000100798002107980030408000414080004f
:10a1b0001e019000ae019000000151008181590004
:10a1c00090408000a1408000800f5100818f590095
:10a1d0003b0039001e019000ae0190003240880023
:10a1e00043408800511680000080200000806000fd
:10a1f00000f0a7000000ea000000e9004f00de00c8
:10a20000004078000080fb00610060004b00dd0032
:10a210005116800001b0a1000100700050168800a6
:10a220005116800000802000008060000000e000e7
:10a2300023003a0020408000e10f4000030032007c
:10a24000204080000000e9002040880016c8bf00c0
:10a25000e24f50000300320016c8bf00e34f500029
:10a2600017003a0051168000004020000080600076
:10a270000000e00007003200004080001140800034
:10a2800061004000e08048000040880011408800e4
:10a290000b0037000040800011408000e00f5000ac
:10a2a000e08f58000600320000408000114080001e
:10a2b00061005000e0805800004088001140880094
:10a2c0000080fa00000006000400fa00000f780089
:10a2d000214798002e4090008080fb001e007800ef
:10a2e000605090000000fb00808f500003003a0097
:10a2f0001e00780054000700180037001e00780088
:10a30000a00890001e007800100078000080400037
:10a31000ae409000014878001e00780010007800e0
:10a320008000e8001e007800010878001e00780018
:10a33000300090008000e8001e0078003100980096
:10a340001e007800900078001e0078004008900001
:10a35000808060001e007800010878000080fa000c
:10a36000000006000400fa00000f78002147980062
:10a370001e007800a00890001e00780010007800f1
:10a3800000804000ae409000014878001e00780038
:10a39000100078008000e8001e00780001087800b6
:10a3a0001e007800300090008000e8001e00780059
:10a3b000310098001e007800900078001e007800a0
:10a3c00040089000808060001e007800010878003e
:10a3d0000080fa00000006000400fa001007980050
:10a3e0001e009000a00890001e0090001000900039
:10a3f00000804000104f78001e0090001000900078
:10a400008000e8001e009000110098001e009000df
:10a41000400090008000e9001e009000410098007c
:10a420001e009000900090001e00900040089000d8
:10a43000808060001e009000110098001e4078008f
:10a440000080fa00000006000200fa00000f780009
:10a450001e007800900890001e00780060009000b8
:10a4600000004000008040009e007800b100900095
:10a47000010878001e007800600090008000e8006d
:10a480001e007800610098001e007800000890000f
:10a490008000e8001e007800010898001e00780087
:10a4a0008000eb00310098001e007800e000900072
:10a4b0001e00780050089000808060001e00780028
:10a4c000610098000080fa00000006000200fa0017
:10a4d000000f78001e007800900890001e007800a1
:10a4e0007000900000004000008040009000780064
:10a4f0001e007800410098001e0078009000900037
:10a500001e007800210098001e007800c000900016
:10a510001e007800510098001e0078007000900026
:10a520008000e8001e007800710098001e0078008e
:10a53000000890008000e9001e00780001089800e3
:10a540001e007800f00090001e0078005008900077
:10a55000808060001e007800710098000080fa0082
:10a56000000006000200fa00000f78001e007800cc
:10a57000a00090001e007800110098001e007800d6
:10a58000d00090001e007800410098000080fa0082
:10a59000000006000200fa00000f78001e0078009c
:10a5a000900090001e0078004000900080804000e5
:10a5b0001e007800110098001e00780090009000a6
:10a5c0001e00780040089000808060001e00780027
:10a5d000110098001e0078008000eb0041009800f8
:10a5e0000080fa00000006000400fa00000f780066
:10a5f000214798001e0078008000eb00823e20007a
:10a600000289b900020178006002b9008401780073
:10a6100003014100833e20000300b8000101410016
:10a620008200780061004000e08048003ad80700ce
:10a63000d2cc2c00c3fc230057d807000001be0079
:10a640000040220041b7240038d9070017d807007e
:10a6500000007800a01088001602a9001642a90088
:10a660001622a9001662a9001682a90016a2a90046
:10a6700016c2a90016e2a8001702a9001722a80016
:10a680001742a9001762a9001782a80017a2a80004
:10a690002e4090000080fb00d01088001022ef00b8
:10a6a0001222ef0017e2a8009a40a8009a20a80002
:10a6b0000080fa00000006000000fa001942a9001c
:10a6c0000080fa00000006000000fa0018c2a9008d
:10a6d0000080fa00000006000000fa00c0108000b0
:10a6e0004300de00614060000080fa0000000600c8
:10a6f0000000fa00c01080004a00de0061406000e7
:10a700000080fa00000006000000fa00c01080007f
:10a710004400de00614060000080fa000000060096
:10a720000000fa00c01080000000d100614060000d
:10a730000080fa00000006000000fa00c01080004f
:10a740004500de00614060000080fa000000060065
:10a750000000fa00c01080004600de00614060008a
:10a760000080fa00000006000000fa001602a800af
:10a7700000000000b0108000610060000000e000f8
:10a78000fcff3a000080fa00000006000000fa001a
:10a790001642a80000000000b010800064006000b5
:10a7a0000000e000fcff3a000080fa000000060014
:10a7b0000200fa00004f78001e80fb009010880015
:10a7c0000080fa00000006000400fa00204798000c
:10a7d0000040eb00004f780080108000004f7800b0
:10a7e0001782a8001e4078000080fa0000000600d2
:10a7f0000200fa0068005700000f780010c0b30094
:10a800007bfc07001e00780000017800ceb897009e
:10a8100040642c006bfa07000040eb0074fc07005a
:10a820000080fa00000006000200fa0068005700ed
:10a83000000f780030c0b3006dfc07001e007800e8
:10a8400000017800ceb8970040642c005dfa070044
:10a850000040eb0066fc07000080fa0000000600e4
:10a860000200fa0068005700000f780040c0b300f3
:10a870005ffc070090c0b3005dfc07001e0078007d
:10a8800000017800ceb8970040642c004dfa070014
:10a890000040eb0056fc07000080fa0000000600b4
:10a8a0000000fa00d5fb0700fffb070013fc0700c0
:10a8b00027fc07000080fa00000006000200fa00f2
:10a8c000a3ff07000004e000010032007eff070044
:10a8d000206480000000e0003000320040c720000b
:10a8e000fafe07005afc0700004f78001e4078006f
:10a8f0000004e00005003a00e06380000000e00092
:10a900000200320052fc0700004f78001e00fb00de
:10a91000e10f500005003200e30f50000800320044
:10a92000190037004afc0700010037000000000052
:10a93000e06380000000e000faff3a0017003700f3
:10a94000e06380000000e0001300320040fc0700dc
:10a950008000fb0020052000808f500003003a009b
:10a96000070037003afc0700010037000000000034
:10a97000e06380000000e000faff3a000000000001
:10a980000600370032fc0700e06380000000e000b2
:10a99000fcff3a00010037000000000029c8bf009a
:10a9a000e14f500005003a0057ff07000004e000a7
:10a9b000020032002968ef0049fc070000658000b2
:10a9c0000000e0000900320043ff07000004e0003f
:10a9d00006003a0029c8bf00e14f500002003a00cb
:10a9e0002968ef0001003700a2fb07000080fa0091
:04a9f000000006005d
:020000040000fa
:10a9f4002e080000020000000000000022080000f1
:10aa04000400000000000000180800000a00000014
:10aa140000000000000800000c000000000000001e
:10aa24000c0800000c0000000200000040060000ba
:10aa3400000100000500000000040100740c000087
:10aa440038000000020000000000000000000000c8
:10aa540000000000000000000000000000000000f2
:10aa6400340c340008000000ff010f000000000057
:10aa740000000000000000000000000000000000d2
:10aa84000000000000540c00340a000000ff010024
:10aa94000f00000034080000400400000000000023
:10aaa4003008000002000000020000006000000006
:10aab4002608000004000000000000002a0800002e
:10aac4000400000000000000320800000200000042
:10aad40000000000200d0000020000000000000043
:10aae400ac0c00003600000002000000696e660035
:10aaf400696e6900747900006e616e0000000a00de
:10ab0400000000006400000000e8030000001000e2
:10ab140027000000a0860100004042000f008000d2
:10ab24009698000000e1f500055f70008900ff00c1
:10ab3400092f0f00e20c00001e00000002000000bc
:10ab4400286e69006c29000025006800076c090064
:10ab54004c836a009074a0007ac00000806888006a
:10ab640000846c0082008100000d000010000000d1
:10ab740002000000494e460000696e0066004e0067
:10ab8400414e00006e616e0000000000100d0000d8
:10ab94001000000002000000494e460000696e00eb
:10aba40066004e00414e00006e616e000000000021
:10abb400220d000002000000000000000000000060
:020000040000fa
:10abc4000000fa0010c0b3008f000700205e2c00c4
:10abd400801f780005ff07008f87e90012c4b300c7
:10abe40080bb200001002000560007000080fa000e
:10abf400000006000000fa002ac8bf000040e80078
:10ac04002ae8b7002ac8bf000080fb00e30f500009
:10ac140021003200e30f500005003c00e10f50001a
:10ac24000a003200e20f5000130032003a003700ed
:10ac3400e50f500028003200e50f50001e003500db
:10ac4400e60f50002c00320033003700905e2c00d9
:10ac5400801f7800e5fe07008f87e9000040eb00c5
:10ac6400c8fc070080c0b30058fc0700600920003e
:10ac74007efc070028003700305f2c00801f78001e
:10ac8400dafe07008f87e9000119200010c0b30025
:10ac940097fc07002000370010602c00801f78000c
:10aca400d2fe07008f87e900011920000040eb0065
:10acb4008ffc07001800370010612c00801f7800fb
:10acc400cafe07008f87e900810c200010c0b30082
:10acd40087fc070010003700f0612c00801f78000b
:10ace400c2fe07008f87e900810c20000040eb00c2
:10acf4007ffc070008003700f0622c00801f7800fa
:10ad0400bafe07008f87e90042c5b3006000b800af
:10ad14000c000700000000000080fa00000006009c
:10ad24000000fa0010c0b3005300070090632c0029
:10ad3400801f7800adfe07008f87e9000080fa00cd
:10ad4400000006000600fa00008fbe00424798008b
:10ad54001e01be00e2408800f3408800ce4090000f
:10ad640003822000814978005b000700c04088000e
:10ad7400d14088000080fa00000006000000fa00bc
:10ad8400e0408000f1408000e00f5000e08f580068
:10ad940017003200500007000001be00c0408000d0
:10ada400d14080000001510081815900e0408000c1
:10adb400f1408000800f5100818f59000c00360053
:10adc400018220009140780040c5b30080cf50003c
:10add40003003a001c28ef001e28ef000300370090
:10ade4003d000700c0408800d140880081ff070073
:10adf4000080fa00000006000000fa00c922a90041
:10ae04000080fa00000006000200fa00004f7800fb
:10ae14001e80fb00e10f500006003200e20f5000dc
:10ae2400060032000000e0000d003a00cb22a90029
:10ae34000b003700cb22a800090037005116800010
:10ae440000202000008060000000e00002003200ca
:10ae5400cb22a90002003700cb22a800000000008a
:10ae64000080fa00000006000000fa00c902a900f0
:10ae74000080fa00000006000200fa00004f78008b
:10ae84001e80fb00e10f500006003200e20f50006c
:10ae9400060032000000e0000d003a00cb02a900d9
:10aea4000b003700cb02a8000900370051168000c0
:10aeb40000102000008060000000e000020032006a
:10aec400cb02a90002003700cb02a800000000005a
:10aed4000080fa00000006000000fa001041800023
:10aee400214180000080fa00000006000000fa0002
:10aef400104180002141800061004000e080480052
:10af040010418800214188000080fa0000000600fa
:10af14000000fa0080772500150007000080fa0081
:10af2400000006000000fa0000042300203a880014
:10af34000080eb00601988000080fa000000060021
:10af44000000fa00f7ff0700f1ff0700aaff07005f
:10af5400c5ff070088fb070050fe070018ff070025
:10af640086ff07006afc070053fe0700fcff37005a
:10af74000200fa00000f78009e00780071418800fa
:10af840000022800f0088800a00f2000d0088800e4
:0caf94009760a8000080fa000000060092
:00000001FF
